kod,body,typ,nazov,match,old,override
1,80,,,#N/A,5450a,5450A
4,200,,,#N/A,5480a,5480A
5,350,,,#N/A,4a,4A
6,400,,,#N/A,15a,15A
8,250,,,#N/A,15c,15C
10,180,,,#N/A,44a,44A
12,300,,,#N/A,60a,60A
13,250,,,#N/A,71b,71B
16,180,,,#N/A,74a,74A
25,285,,,#N/A,75a,75A
26,500,,,#N/A,75b,75B
29,900,,,#N/A,79a,79A
30,450,,"Príplatok k výkonom pod kódmi 26 a 29 za návštevu vyžiadanú a vykonanú v sobotu, v nedeľu, počas sviatkov a 31. decembra.",#N/A,143a,143A
35,100,,,#N/A,145a,145A
36,200,,,#N/A,146a,146A
37,150,,,#N/A,146b,146B
40,200,,,#N/A,146c,146C
41,400,,,#N/A,148a,148A
44,600,,,#N/A,148b,148B
60,350,,,#N/A,148c,148C
61,600,,,#N/A,149a,149A
62,250,,,#N/A,149b,149B
63,200,,,#N/A,149c,149C
64,70,,,#N/A,149d,149D
65,100,,,#N/A,149e,149E
66,160,,,#N/A,149f,149F
67,100,,,#N/A,159a,159A
70,50,,,#N/A,159b,159B
71,35,,,#N/A,160a,160A
73,150,,,#N/A,160b,160B
74,300,,,#N/A,160c,160C
76,70,,,#N/A,160d,160D
78,180,,,#N/A,160f,160F
79,600,,Vystavenie lekárskej správy v niektorom zo svetových jazykov alebo preklad správy zo svetového jazyka.,#N/A,160g,160G
80,2981,,,#N/A,160h,160H
81,5803,,,#N/A,164a,164A
82,6216,,,#N/A,207a,207A
83,5800,,,#N/A,213a,213A
84,2969,,,#N/A,217a,217A
85,5809,,,#N/A,250a,250A
86,5906,,,#N/A,250b,250B
87,6241,,,#N/A,250c,250C
88,5800,,,#N/A,251a,251A
89,5766,,,#N/A,252a,252A
90,5975,,,#N/A,252b,252B
91,2878,,,#N/A,303a,303A
92,5800,,,#N/A,311a,311A
93,2114,,,#N/A,81a,81A
94,2041,,,#N/A,82a,82A
95,5156,,,#N/A,83a,83A
96,2944,,,#N/A,85a,85A
97,1000,,,#N/A,86a,86A
100,80,,,#N/A,87a,87A
101,250,,,#N/A,88a,88A
102,320,,,#N/A,89a,89A
103,200,,,#N/A,90a,90A
105,250,,,#N/A,91a,91A
108,350,,,#N/A,92a,92A
110,550,,,#N/A,93a,93A
111,650,,,#N/A,94a,94A
112,400,,,#N/A,95a,95A
113,300,,,#N/A,95b,95B
116,250,,,#N/A,95c,95C
117,100,,,#N/A,97a,97A
118,230,,,#N/A,97b,97B
120,80,,,#N/A,97c,97C
121,25,,,#N/A,98a,98A
122,60,,,#N/A,98b,98B
140,350,,,#N/A,98c,98C
141,95,,,#N/A,98d,98D
142,350,,,#N/A,12d,12D
143,350,,,#N/A,63a,63A
144,350,,,#N/A,1084a,1084A
145,350,,,#N/A,1091a,1091A
146,370,,,#N/A,168a,168A
148,370,,,#N/A,168b,168B
149,390,,,#N/A,168c,168C
155,120,,,#N/A,168d,168D
156,110,,,#N/A,169a,169A
157,220,,,#N/A,180a,180A
158,170,,,#N/A,1192a,1192A
159,0,,,#N/A,1192b,1192B
160,350,,,#N/A,1192c,1192C
161,380,,,#N/A,190a,190A
163,200,,,#N/A,603a,603A
164,240,,,#N/A,620a,620A
165,80,,,#N/A,625a,625A
166,200,,,#N/A,625b,625B
167,30,,,#N/A,627a,627A
168,120,,,#N/A,253a,253A
169,50,,,#N/A,253b,253B
171,800,,,#N/A,667a,667A
172,1000,,,#N/A,10e,10E
173,1800,,,#N/A,15f,15F
178,150,,,#N/A,60e,60E
180,200,,,#N/A,10f,10F
190,220,,,#N/A,12b,12B
191,200,,,#N/A,25a,25A
192,200,,,#N/A,70b,70B
193,650,,,#N/A,728d,728D
194,350,,,#N/A,2141a,2141A
195,800,,,#N/A,3390a,3390A
196,650,,,#N/A,3454a,3454A
197,1200,,,#N/A,745a,745A
198,1000,,,#N/A,745b,745B
199,280,,,#N/A,775a,775A
200,70,,,#N/A,778c,778C
201,400,,,#N/A,10b,10B
204,100,,,#N/A,10a,10A
206,70,,,#N/A,60h,60H
207,120,,,#N/A,307a,307A
208,450,,,#N/A,790a,790A
210,75,,,#N/A,794f,794F
211,60,,,#N/A,794g,794G
212,180,,,#N/A,794h,794H
213,100,,,#N/A,794i,794I
214,240,,,#N/A,794j,794J
217,230,,,#N/A,794k,794K
218,670,,,#N/A,794l,794L
225,90,,,#N/A,794m,794M
227,210,,,#N/A,794n,794N
228,375,,,#N/A,794p,794P
229,120,,,#N/A,794r,794R
230,550,,,#N/A,10c,10C
231,360,,,#N/A,818c,818C
232,750,,,#N/A,15e,15E
235,760,,,#N/A,315b,315B
236,950,,,#N/A,315c,315C
237,1125,,,#N/A,315d,315D
238,160,,,#N/A,315e,315E
239,760,,,#N/A,315f,315F
240,950,,,#N/A,315g,315G
246,170,,,#N/A,15g,15G
247,130,,,#N/A,830a,830A
251,75,,,#N/A,807a,807A
252,70,,,#N/A,810a,810A
253,100,,,#N/A,810b,810B
254,130,,,#N/A,810c,810C
255,110,,,#N/A,810d,810D
256,180,,,#N/A,818b,818B
257,420,,,#N/A,819a,819A
258,60,,,#N/A,819b,819B
259,0,SVaLZ,,#N/A,819c,819C
260,200,,,#N/A,819d,819D
261,30,,,#N/A,60r,60R
265,90,,,#N/A,839a,839A
266,80,,,#N/A,1246a,1246A
267,100,,,#N/A,1265a,1265A
270,90,,,#N/A,1273a,1273A
271,200,,,#N/A,1273b,1273B
272,280,,,#N/A,1275a,1275A
274,220,,,#N/A,1275b,1275B
275,320,,,#N/A,1275c,1275C
276,180,,,#N/A,71a,71A
277,200,,,#N/A,1401a,1401A
278,440,,,#N/A,1405a,1405A
279,700,,,#N/A,1451c,1451C
280,500,,,#N/A,1470a,1470A
281,550,,,#N/A,1474e,1474E
282,150,,,#N/A,1474f,1474F
285,120,,,#N/A,1480a,1480A
286,220,,,#N/A,1502a,1502A
287,120,SVaLZ,,#N/A,1523a,1523A
289,120,,,#N/A,1523b,1523B
290,120,,,#N/A,1531a,1531A
291,80,,,#N/A,1531b,1531B
292,300,,,#N/A,1535b,1535B
293,300,,,#N/A,1544a,1544A
294,160,,,#N/A,1586a,1586A
295,40,,,#N/A,1591a,1591A
297,50,,,#N/A,1595a,1595A
298,80,,,#N/A,1599a,1599A
300,120,,,#N/A,1599b,1599B
301,150,,,#N/A,1599c,1599C
302,375,,,#N/A,159c,159C
303,400,,,#N/A,12e,12E
305,380,,,#N/A,2011a,2011A
306,1000,,,#N/A,2012a,2012A
307,600,,,#N/A,2013a,2013A
308,700,,,#N/A,2015a,2015A
310,1000,,,#N/A,2015b,2015B
311,450,,,#N/A,2018a,2018A
312,600,,,#N/A,2019a,2019A
314,150,,,#N/A,2019b,2019B
315,500,,,#N/A,2019c,2019C
316,220,,,#N/A,2800b,2800B
317,360,,,#N/A,2812o,2812O
318,100,,,#N/A,3002a,3002A
320,150,,,#N/A,3005a,3005A
321,350,,,#N/A,3008a,3008A
322,200,,,#N/A,3009a,3009A
323,500,,,#N/A,3009b,3009B
325,100,,,#N/A,3096a,3096A
326,500,,,#N/A,3121a,3121A
330,220,,,#N/A,3122a,3122A
331,500,,,#N/A,3122b,3122B
332,30,,,#N/A,10d,10D
333,3000,,,#N/A,44d,44D
334,1000,,,#N/A,44b,44B
340,35,,,#N/A,44c,44C
341,35,,,#N/A,3392a,3392A
342,150,,,#N/A,3392c,3392C
346,30,,,#N/A,3399a,3399A
347,25,,,#N/A,3399b,3399B
348,40,,,#N/A,3399c,3399C
350,90,,,#N/A,3399d,3399D
353,65,,,#N/A,3401a,3401A
355,90,,,#N/A,3401b,3401B
356,120,,,#N/A,3405a,3405A
357,550,,,#N/A,3411a,3411A
358,200,,,#N/A,3413a,3413A
359,90,,,#N/A,3420a,3420A
360,60,,,#N/A,3422a,3422A
361,120,,,#N/A,3422b,3422B
362,40,,,#N/A,3422c,3422C
363,160,,,#N/A,3423a,3423A
364,80,,,#N/A,3423b,3423B
365,220,,,#N/A,3423c,3423C
366,200,,,#N/A,3459a,3459A
367,200,,,#N/A,3635a,3635A
368,170,,,#N/A,3476a,3476A
370,150,,,#N/A,3476b,3476B
371,320,,,#N/A,250d,250D
372,280,,,#N/A,250e,250E
373,420,,,#N/A,250f,250F
374,500,,,#N/A,251b,251B
375,300,,,#N/A,251c,251C
400,30,,,#N/A,258a,258A
401,100,,,#N/A,298a,298A
406,100,,,#N/A,299d,299D
407,120,,,#N/A,3541a,3541A
410,110,,,#N/A,3589a,3589A
415,160,,,#N/A,3612a,3612A
420,120,,,#N/A,3674a,3674A
421,180,,,#N/A,3675a,3675A
422,250,,,#N/A,3676a,3676A
423,150,,,#N/A,3677a,3677A
425,150,,,#N/A,3678a,3678A
503,80,,,#N/A,3679a,3679A
504,300,,,#N/A,3680a,3680A
505,650,,,#N/A,3694a,3694A
507,400,,,#N/A,3695a,3695A
508,220,,,#N/A,3709a,3709A
509,220,,,#N/A,3710a,3710A
510,150,,,#N/A,3861b,3861B
511,350,,,#N/A,3861c,3861C
512,130,SVaLZ,,#N/A,3861d,3861D
513,250,SVaLZ,,#N/A,3861e,3861E
514,450,,,#N/A,3861f,3861F
515,60,SVaLZ,,#N/A,3861g,3861G
516,180,SVaLZ,,#N/A,3864a,3864A
517,70,SVaLZ,,#N/A,3864b,3864B
518,350,SVaLZ,,#N/A,3864c,3864C
519,130,SVaLZ,,#N/A,3946a,3946A
520,80,SVaLZ,,#N/A,3946b,3946B
521,80,SVaLZ,,#N/A,3949a,3949A
522,290,SVaLZ,,#N/A,3950a,3950A
523,80,,,#N/A,3950b,3950B
524,400,SVaLZ,,#N/A,3951a,3951A
530,180,SVaLZ,,#N/A,3954a,3954A
531,220,SVaLZ,,#N/A,3954b,3954B
532,300,SVaLZ,,#N/A,3954c,3954C
533,450,,,#N/A,3954d,3954D
534,80,SVaLZ,,#N/A,3954e,3954E
535,100,SVaLZ,,#N/A,3960a,3960A
536,150,SVaLZ,,#N/A,3960b,3960B
540,180,SVaLZ,,#N/A,3960c,3960C
541,350,SVaLZ,,#N/A,3972a,3972A
542,300,SVaLZ,,#N/A,3973a,3973A
543,400,SVaLZ,,#N/A,3976a,3976A
544,80,,,#N/A,3976b,3976B
547,60,,,#N/A,3977a,3977A
548,360,SVaLZ,,#N/A,3978a,3978A
549,50,SVaLZ,,#N/A,3979a,3979A
550,150,SVaLZ,,#N/A,3980a,3980A
551,450,SVaLZ,,#N/A,3982a,3982A
555,270,,,#N/A,3982b,3982B
556,270,,,#N/A,3982c,3982C
557,270,SVaLZ,,#N/A,3984a,3984A
558,450,SVaLZ,,#N/A,3985a,3985A
559,300,SVaLZ,,#N/A,3986a,3986A
560,350,SVaLZ,,#N/A,3987a,3987A
561,220,,,#N/A,3988a,3988A
562,130,,,#N/A,4033a,4033A
565,280,SVaLZ,,#N/A,4055a,4055A
566,320,SVaLZ,,#N/A,4070a,4070A
567,280,SVaLZ,,#N/A,4070b,4070B
568,120,,,#N/A,4235a,4235A
570,240,SVaLZ,,#N/A,4235b,4235B
573,35,SVaLZ,,#N/A,4235c,4235C
574,50,SVaLZ,,#N/A,4243a,4243A
575,80,SVaLZ,,#N/A,4247a,4247A
576,130,SVaLZ,,#N/A,4355b,4355B
577,35,SVaLZ,,#N/A,4390a,4390A
578,400,,,#N/A,4463a,4463A
579,1500,SVaLZ,,#N/A,4465a,4465A
584,35,SVaLZ,,#N/A,4465b,4465B
585,250,SVaLZ,,#N/A,4475a,4475A
586,400,SVaLZ,,#N/A,4475b,4475B
587,300,SVaLZ,,#N/A,4475c,4475C
588,120,SVaLZ,,#N/A,4475d,4475D
600,450,,,#N/A,4587a,4587A
601,250,,,#N/A,4588a,4588A
602,360,,,#N/A,4589a,4589A
603,275,,,#N/A,4589b,4589B
604,410,,,#N/A,4645a,4645A
605,110,,,#N/A,4650a,4650A
606,250,,,#N/A,4650b,4650B
607,1100,,,#N/A,4650c,4650C
608,410,,,#N/A,4651a,4651A
609,410,,,#N/A,4651b,4651B
610,165,,,#N/A,4651c,4651C
611,100,,,#N/A,4653a,4653A
612,200,,,#N/A,4654a,4654A
613,140,,,#N/A,4655a,4655A
614,200,,,#N/A,4655b,4655B
615,660,,,#N/A,4655c,4655C
616,610,,,#N/A,4657a,4657A
617,1800,,,#N/A,4658a,4658A
618,1500,,,#N/A,4660a,4660A
620,230,,,#N/A,4660b,4660B
621,500,,,#N/A,4660c,4660C
622,800,,,#N/A,4660d,4660D
623,600,,,#N/A,4660e,4660E
625,500,,,#N/A,4660f,4660F
627,700,,,#N/A,4661a,4661A
629,450,,,#N/A,4680a,4680A
631,400,,,#N/A,4681a,4681A
639,250,,,#N/A,4686a,4686A
643,200,,,#N/A,4693a,4693A
644,750,,,#N/A,4693b,4693B
645,200,,,#N/A,4699a,4699A
646,330,,,#N/A,4699b,4699B
647,550,,,#N/A,4701a,4701A
648,800,,,#N/A,4701b,4701B
649,1500,,,#N/A,4701c,4701C
650,130,,,#N/A,4701d,4701D
651,160,,,#N/A,4701f,4701F
652,50,,,#N/A,4703a,4703A
653,150,,,#N/A,4703b,4703B
654,135,,,#N/A,4704a,4704A
655,130,,,#N/A,4704b,4704B
656,170,,,#N/A,4710a,4710A
657,380,,,#N/A,4711a,4711A
660,170,,,#N/A,4712a,4712A
661,220,,,#N/A,4714a,4714A
663,500,,,#N/A,4731a,4731A
664,300,,,#N/A,4731b,4731B
666,300,,,#N/A,4731c,4731C
667,350,,,#N/A,4731d,4731D
670,220,,,#N/A,4736a,4736A
671,380,,,#N/A,4750a,4750A
673,280,,,#N/A,4753a,4753A
675,300,,,#N/A,4776a,4776A
685,280,,,#N/A,4778a,4778A
689,450,,,#N/A,4778b,4778B
690,60,,,#N/A,4781a,4781A
691,250,,,#N/A,4781b,4781B
721,300,,,#N/A,4781c,4781C
722,940,,,#N/A,4781d,4781D
723,85,,,#N/A,4781e,4781E
724,610,,,#N/A,4781f,4781F
725,1300,,,#N/A,4789a,4789A
726,250,,,#N/A,4789b,4789B
727,1500,,,#N/A,4789c,4789C
728,330,,,#N/A,4789d,4789D
729,1000,,,#N/A,4789e,4789E
730,150,,,#N/A,4789f,4789F
731,120,,,#N/A,4789g,4789G
732,500,,,#N/A,4789h,4789H
735,500,,,#N/A,4789i,4789I
736,600,,,#N/A,4789j,4789J
737,600,,,#N/A,4789k,4789K
738,4700,,,#N/A,4789l,4789L
740,946,,,#N/A,4789m,4789M
741,1646,,,#N/A,4789n,4789N
745,1346,,,#N/A,4789o,4789O
746,1946,,,#N/A,4789p,4789P
755,746,,,#N/A,4789r,4789R
756,1446,,,#N/A,4801a,4801A
760,1946,,,#N/A,4807a,4807A
761,2446,,,#N/A,4807b,4807B
762,2946,,,#N/A,4807c,4807C
763,3446,,,#N/A,4807d,4807D
765,946,,,#N/A,4807e,4807E
770,1250,,,#N/A,4807g,4807G
775,1000,,,#N/A,4807h,4807H
776,2800,,,#N/A,4877a,4877A
790,500,,,#N/A,4877b,4877B
791,320,,,#N/A,4879a,4879A
794,11750,,,#N/A,4879b,4879B
802,750,,,#N/A,4879c,4879C
803,900,,,#N/A,4879d,4879D
804,900,,,#N/A,4879e,4879E
805,750,,,#N/A,4879f,4879F
806,2500,,,#N/A,4879g,4879G
807,200,,,#N/A,4879h,4879H
809,500,,,#N/A,4879i,4879I
810,550,,,#N/A,4879j,4879J
811,200,,,#N/A,4891a,4891A
812,140,,,#N/A,4892a,4892A
813,60,,,#N/A,4892b,4892B
814,250,,,#N/A,4892c,4892C
815,250,,,#N/A,4893a,4893A
818,90,,,#N/A,4894a,4894A
819,650,,,#N/A,4895a,4895A
820,800,,,#N/A,4896a,4896A
821,750,,,#N/A,4897a,4897A
822,300,,,#N/A,4898a,4898A
825,400,,,#N/A,4898b,4898B
826,700,,,#N/A,4899a,4899A
827,400,,,#N/A,4899b,4899B
830,300,,,#N/A,4899c,4899C
836,300,,,#N/A,4899d,4899D
837,150,,,#N/A,4911a,4911A
839,200,,,#N/A,4919a,4919A
840,700,,,#N/A,4919b,4919B
841,1400,,,#N/A,4980a,4980A
842,900,,,#N/A,4986a,4986A
845,700,,,#N/A,5092a,5092A
847,400,,,#N/A,5029b,5029B
848,1000,,,#N/A,5092c,5092C
855,300,,,#N/A,5131a,5131A
856,90,,,#N/A,5131b,5131B
857,110,,,#N/A,5131c,5131C
858,450,,,#N/A,5131d,5131D
867,1000,,,#N/A,5131e,5131E
868,250,,,#N/A,5131f,5131F
869,1000,,,#N/A,5131g,5131G
870,550,,,#N/A,5131h,5131H
900,90,,,#N/A,5131i,5131I
901,65,,,#N/A,5131j,5131J
904,130,,,#N/A,5131k,5131K
905,80,,,#N/A,5135a,5135A
906,180,,,#N/A,5135b,5135B
910,80,,,#N/A,5136a,5136A
915,85,,,#N/A,5136b,5136B
916,200,,,#N/A,5139a,5139A
917,100,,,#N/A,5139b,5139B
918,150,,,#N/A,5139c,5139C
919,250,,,#N/A,5139d,5139D
940,90,,,#N/A,5139e,5139E
941,120,,,#N/A,5139f,5139F
943,320,,,#N/A,5139h,5139H
944,150,,,#N/A,5139g,5139G
945,50,,,#N/A,5140a,5140A
950,390,,,#N/A,5140b,5140B
951,250,,,#N/A,5140c,5140C
952,60,,,#N/A,5140d,5140D
953,110,,,#N/A,5140e,5140E
955,280,,,#N/A,5141a,5141A
960,450,,,#N/A,5143a,5143A
961,220,,,#N/A,5143b,5143B
965,450,,,#N/A,5145a,5145A
970,180,,,#N/A,5145b,5145B
976,100,,,#N/A,5145c,5145C
1020,330,,,#N/A,5145d,5145D
1070,150,,,#N/A,5146a,5146A
1080,110,,,#N/A,5147a,5147A
1081,300,,,#N/A,5147b,5147B
1084,250,,,#N/A,5147c,5147C
1088,100,,,#N/A,5147d,5147D
1090,50,,,#N/A,5147e,5147E
1091,150,,,#N/A,5147f,5147F
1092,70,,,#N/A,5148a,5148A
1104,750,,,#N/A,5148b,5148B
1105,200,,,#N/A,5148c,5148C
1107,70,,,#N/A,5148d,5148D
1131,180,,,#N/A,5148e,5148E
1184,400,,,#N/A,5148f,5148F
1200,70,,,#N/A,5148g,5148G
1201,90,,,#N/A,5149a,5149A
1202,75,,,#N/A,5149b,5149B
1203,50,,,#N/A,5150a,5150A
1204,45,,,#N/A,5151a,5151A
1205,45,,,#N/A,5152a,5152A
1206,120,,,#N/A,5152b,5152B
1207,50,,,#N/A,5152c,5152C
1208,100,,,#N/A,5152d,5152D
1209,20,,,#N/A,5152e,5152E
1210,360,,,#N/A,5153a,5153A
1212,140,,,#N/A,5153b,5153B
1213,230,,,#N/A,5154a,5154A
1214,75,,,#N/A,5156a,5156A
1215,120,,,#N/A,5157a,5157A
1216,120,,,#N/A,5158a,5158A
1217,120,,,#N/A,5158c,5158C
1218,210,,,#N/A,5204a,5204A
1219,300,,,#N/A,5204b,5204B
1220,350,,,#N/A,5204c,5204C
1221,550,,,#N/A,5204d,5204D
1222,170,,,#N/A,5204e,5204E
1223,70,,,#N/A,5206a,5206A
1225,100,,,#N/A,5206b,5206B
1226,150,,,#N/A,5207a,5207A
1227,320,,,#N/A,5212a,5212A
1228,30,,,#N/A,5307a,5307A
1229,120,,,#N/A,5309a,5309A
1230,200,,,#N/A,5309b,5309B
1231,100,,,#N/A,5745a,5745A
1235,200,,,#N/A,5745b,5745B
1236,150,,,#N/A,5746a,5746A
1240,70,,,#N/A,5746b,5746B
1241,130,,,#N/A,5747a,5747A
1242,600,,,#N/A,5605a,5605A
1243,80,,,#N/A,5611a,5611A
1244,50,,,#N/A,5611b,5611B
1245,100,,,#N/A,5611c,5611C
1246,120,,,#N/A,5612a,5612A
1249,600,,,#N/A,5612b,5612B
1250,500,,,#N/A,5612c,5612C
1251,270,,,#N/A,5612d,5612D
1255,55,,,#N/A,5612e,5612E
1256,80,,,#N/A,6003a,6003A
1257,270,,,#N/A,6003b,6003B
1258,320,,,#N/A,5401a,5401A
1262,250,,,#N/A,5402a,5402A
1263,750,,,#N/A,5411a,5411A
1265,180,,,#N/A,5435a,5435A
1266,160,,,#N/A,5472a,5472A
1267,700,,,#N/A,5478a,5478A
1271,600,,,#N/A,5478b,5478B
1272,900,,,#N/A,5479a,5479A
1273,200,,,#N/A,5481a,5481A
1274,90,,,#N/A,5481b,5481B
1275,30,,,#N/A,5481c,5481C
1276,90,,,#N/A,5498a,5498A
1277,150,,,#N/A,5498b,5498B
1278,280,,,#N/A,5498c,5498C
1279,150,,,#N/A,5498d,5498D
1280,120,,,#N/A,5702a,5702A
1282,350,,,#N/A,7168a,7168A
1293,80,,,#N/A,7169a,7169A
1294,150,,,#N/A,7170a,7170A
1297,150,,,#N/A,7172a,7172A
1298,150,,,#N/A,7172b,7172B
1299,300,,,#N/A,7172c,7172C
1303,200,,,#N/A,7172d,7172D
1304,250,,,#N/A,7174a,7174A
1320,120,,,#N/A,7177a,7177A
1321,320,,,#N/A,7183a,7183A
1329,90,,,#N/A,3262a,3262A
1338,70,,,#N/A,3262b,3262B
1339,100,,,#N/A,3262c,3262C
1340,180,,,#N/A,3266a,3266A
1348,1000,,Šošovka - discízia sekundárnej katarakty YAG laserom.,#N/A,3267a,3267A
1358,500,,Cyklokryopexia alebo cyklodiatermia.,#N/A,3268a,3268A
1359,1000,,"Laserová operácia v dúhovkovo - rohovkovom uhle trabekuloplastika, gonioplastika, iridotómia, synechiolýza.",#N/A,3270a,3270A
1364,1100,,"Koagulácia sietnice a cievovky (laserom, xenónom, kryoaplikátorom a diatermoaplikátorom) jedného oka.",#N/A,3275a,3275A
1365,600,,"Následná koagulácia sietnice a cievovky (laserom, xenónom, kryoaplikátorom, diatermoaplikátorom).",#N/A,3275b,3275B
1383,500,,,#N/A,3275c,3275C
1385,600,,,#N/A,3280a,3280A
1386,300,,,#N/A,3285a,3285A
1390,0,,Operácia sivého zákalu s implantáciou umelej vnútroočnej šošovky,#N/A,3286a,3286A
1391,0,,Sekundárna implantácia intraokulárnej šošovky do prednej očnej komory alebo do ulcis ciliare,#N/A,503a,503A
1392,0,,Sekundárna implantácia intraokulárnej šošovky transsklerálnou fixáciou,#N/A,504a,504A
1393,0,,Operácia sekundárnej katarakty,#N/A,509a,509A
1394,0,,Repozícia implantovanej umelej vnútroočnicovej šošovky,#N/A,510a,510A
1400,80,,,#N/A,511a,511A
1401,200,,,#N/A,514a,514A
1402,100,,,#N/A,523a,523A
1403,200,,,#N/A,533a,533A
1405,150,,,#N/A,547a,547A
1406,370,,,#N/A,555a,555A
1407,100,,,#N/A,556a,556A
1409,230,,,#N/A,561a,561A
1410,300,,,#N/A,562a,562A
1412,200,,,#N/A,5158b,5158B
1415,370,,,#N/A,15d,15D
1416,200,,,#N/A,15du,15DU
1417,350,,,#N/A,1a,1A
1418,400,,,#N/A,285a,285A
1420,200,,,#N/A,760PN,760pn
1422,750,,,#N/A,760PP,760pp
1431,370,,,#N/A,760SN,760sn
1442,50,,,#N/A,760SP,760sp
1445,250,,,#N/A,763M,763m
1446,200,,,#N/A,763P,763p
1448,100,,,#N/A,763PN,763pn
1451,300,,,#N/A,763PP,763pp
1452,900,,,#N/A,763SN,763sn
1454,900,,,#N/A,763SP,763sp
1470,200,,,#N/A,159z,159Z
1475,60,,,#N/A,159x,159X
1479,250,,,#N/A,3695b,3695B
1480,400,,,#N/A,D02a,D02A
1481,150,,,#N/A,O05a,O05A
1500,400,,,#N/A,O06a,O06A
1505,200,,,#N/A,O07a,O07A
1507,600,,,#N/A,P02a,P02A
1508,700,,,#N/A,P65a,P65A
1510,180,,,#N/A,,
1516,400,,,#N/A,,
1517,480,,,#N/A,,
1529,800,,,#N/A,,
1531,100,,,#N/A,,
1533,320,,,#N/A,,
1534,320,,,#N/A,,
1535,200,,,#N/A,,
1537,250,,,#N/A,,
1538,200,,,#N/A,,
1539,300,,,#N/A,,
1540,40,,,#N/A,,
1541,100,,,#N/A,,
1542,100,,,#N/A,,
1544,75,,,#N/A,,
1545,150,,,#N/A,,
1546,100,,,#N/A,,
1548,300,,,#N/A,,
1550,150,,,#N/A,,
1551,25,,,#N/A,,
1553,200,,,#N/A,,
1556,400,,,#N/A,,
1558,300,,,#N/A,,
1561,100,,,#N/A,,
1585,250,,,#N/A,,
1586,1100,,,#N/A,,
1590,100,,,#N/A,,
1591,300,,,#N/A,,
1592,350,,,#N/A,,
1593,350,,,#N/A,,
1594,320,,,#N/A,,
1595,700,,,#N/A,,
1596,350,,,#N/A,,
1597,300,,,#N/A,,
1598,180,,,#N/A,,
1599,300,,,#N/A,,
1601,500,,,#N/A,,
1602,200,,,#N/A,,
1603,300,,,#N/A,,
1611,110,,,#N/A,,
1612,170,,,#N/A,,
1700,75,,,#N/A,,
1701,80,,,#N/A,,
1702,230,,,#N/A,,
1703,230,,,#N/A,,
1706,260,,,#N/A,,
1712,230,,,#N/A,,
1713,450,,,#N/A,,
1714,350,,,#N/A,,
1722,300,,,#N/A,,
1723,375,,,#N/A,,
1726,100,,,#N/A,,
1735,100,,,#N/A,,
1736,500,,,#N/A,,
1740,100,,,#N/A,,
1752,60,,,#N/A,,
1755,900,,,#N/A,,
1775,100,,,#N/A,,
1784,800,,,#N/A,,
1785,1200,,,#N/A,,
1787,450,,,#N/A,,
1791,200,,,#N/A,,
1792,500,,,#N/A,,
1793,900,,,#N/A,,
1794,550,,,#N/A,,
1795,450,,,#N/A,,
1800,2300,,,#N/A,,
1801,600,,,#N/A,,
1822,300,,,#N/A,,
1850,1500,,,#N/A,,
1894,140,,,#N/A,,
1895,200,,,#N/A,,
2000,100,,,#N/A,,
2001,160,,,#N/A,,
2002,260,,,#N/A,,
2003,170,,,#N/A,,
2004,300,,,#N/A,,
2005,520,,,#N/A,,
2006,40,,,#N/A,,
2007,60,,,#N/A,,
2008,100,,,#N/A,,
2009,250,,,#N/A,,
2011,250,,,#N/A,,
2012,150,,,#N/A,,
2013,300,,,#N/A,,
2015,150,,,#N/A,,
2018,150,,,#N/A,,
2019,300,,,#N/A,,
2025,100,,,#N/A,,
2030,30,,,#N/A,,
2100,160,,,#N/A,,
2101,200,,,#N/A,,
2103,530,,,#N/A,,
2104,550,,,#N/A,,
2105,380,,,#N/A,,
2106,700,,,#N/A,,
2141,110,,,#N/A,,
2142,220,,,#N/A,,
2145,350,,,#N/A,,
2146,400,,,#N/A,,
2147,400,,,#N/A,,
2156,650,,Posuvná plastika a zakrytie veľkého defektu kože.,#N/A,,
2157,650,,Transplantácia s uvoľnením laloka kože na zakrytie veľkého defektu kože.,#N/A,,
2171,600,,Chirurgická korekcia znetvorujúcej jazvy tváre.,#N/A,,
2205,50,,,#N/A,,
2206,90,,,#N/A,,
2207,150,,,#N/A,,
2209,350,,,#N/A,,
2210,150,,,#N/A,,
2211,350,,,#N/A,,
2212,650,,,#N/A,,
2216,60,,,#N/A,,
2220,700,,,#N/A,,
2221,600,,,#N/A,,
2222,700,,"Operačné odstránenie fisúry na prste pomocou ""Z"" plastiky",#N/A,,
2226,800,,Operácia tendosynovitídy v oblasti zhybu na ruke alebo angulárnych segmentov prsta,#N/A,,
2240,1700,,,#N/A,,
2245,1000,,,#N/A,,
2246,1250,,,#N/A,,
2256,1300,,Operačné uvoľnenie zrastov okolo viacerých šliach ako samostatný výkon.,#N/A,,
2270,1200,,"Operácia Dupuytrenovej kontraktúry s čiastočným odstránením palmárnej aponeurózy kĺbu, podľa potreby aj premiestňovacia plastika a (alebo) odstránenie povrazovitých útvarov na prste ruky.",#N/A,,
2280,500,,,#N/A,,
2310,80,,,#N/A,,
2311,150,,,#N/A,,
2315,250,,,#N/A,,
2320,450,,,#N/A,,
2321,350,,,#N/A,,
2326,500,,,#N/A,,
2380,500,,Odstránenie exostózy oddlabaním ako samostatný výkon.,#N/A,,
2400,120,,,#N/A,,
2401,200,,,#N/A,,
2402,360,,,#N/A,,
2403,150,,,#N/A,,
2405,420,,,#N/A,,
2420,450,,,#N/A,,
2421,750,,,#N/A,,
2435,650,,,#N/A,,
2455,300,,,#N/A,,
2456,600,,,#N/A,,
2600,1000,,,#N/A,,
2625,250,,,#N/A,,
2722,160,,,#N/A,,
2820,180,,,#N/A,,
2955,200,,,#N/A,,
3000,50,,,#N/A,,
3001,100,,,#N/A,,
3002,120,,,#N/A,,
3003,120,,,#N/A,,
3004,350,,,#N/A,,
3005,120,,,#N/A,,
3007,800,,,#N/A,,
3008,50,,,#N/A,,
3009,160,,,#N/A,,
3020,650,,,#N/A,,
3021,800,,,#N/A,,
3022,320,,,#N/A,,
3023,400,,,#N/A,,
3024,60,,,#N/A,,
3095,300,,,#N/A,,
3096,470,,,#N/A,,
3097,650,,,#N/A,,
3121,380,,,#N/A,,
3122,520,,,#N/A,,
3123,380,,,#N/A,,
3124,340,,,#N/A,,
3125,390,,,#N/A,,
3126,360,,,#N/A,,
3127,480,,,#N/A,,
3128,660,,,#N/A,,
3129,560,,,#N/A,,
3130,240,,,#N/A,,
3131,390,,,#N/A,,
3132,460,,,#N/A,,
3133,280,,,#N/A,,
3134,150,,,#N/A,,
3135,200,,,#N/A,,
3136,350,,,#N/A,,
3137,640,,,#N/A,,
3138,760,,,#N/A,,
3139,420,,,#N/A,,
3140,180,,,#N/A,,
3141,250,,,#N/A,,
3142,300,,,#N/A,,
3143,460,,,#N/A,,
3144,590,,,#N/A,,
3145,750,,,#N/A,,
3210,200,,,#N/A,,
3211,180,,,#N/A,,
3215,375,,,#N/A,,
3240,200,,,#N/A,,
3250,500,SVaLZ,,#N/A,,
3251,450,SVaLZ,,#N/A,,
3252,450,SVaLZ,,#N/A,,
3253,200,SVaLZ,,#N/A,,
3255,900,SVaLZ,,#N/A,,
3256,500,SVaLZ,,#N/A,,
3257,450,SVaLZ,,#N/A,,
3258,200,SVaLZ,,#N/A,,
3260,2250,SVaLZ,,#N/A,,
3262,5000,SVaLZ,,#N/A,,
3263,1350,SVaLZ,,#N/A,,
3264,130,SVaLZ,,#N/A,,
3265,2200,SVaLZ,,#N/A,,
3266,150,SVaLZ,,#N/A,,
3267,200,SVaLZ,,#N/A,,
3268,700,SVaLZ,,#N/A,,
3269,2000,SVaLZ,,#N/A,,
3270,4600,SVaLZ,,#N/A,,
3271,10000,SVaLZ,,#N/A,,
3272,5000,SVaLZ,,#N/A,,
3275,500,SVaLZ,,#N/A,,
3276,2700,SVaLZ,,#N/A,,
3279,6000,SVaLZ,,#N/A,,
3280,3000,SVaLZ,,#N/A,,
3281,5500,SVaLZ,,#N/A,,
3282,3200,SVaLZ,,#N/A,,
3283,3500,SVaLZ,,#N/A,,
3284,3200,SVaLZ,,#N/A,,
3285,1500,SVaLZ,,#N/A,,
3286,1200,,,#N/A,,
3287,800,,,#N/A,,
3288,450,,,#N/A,,
3289,1000,,,#N/A,,
3290,250,,,#N/A,,
3291,300,,,#N/A,,
3292,450,,,#N/A,,
3293,350,,,#N/A,,
3294,120,,,#N/A,,
3295,200,,,#N/A,,
3296,350,,,#N/A,,
3297,500,,,#N/A,,
3298,2500,,,#N/A,,
3299,200,,,#N/A,,
3300,300,,,#N/A,,
3301,33000,,,#N/A,,
3302,41000,,,#N/A,,
3303,350,,,#N/A,,
3306,350,,,#N/A,,
3307,150,,,#N/A,,
3308,200,,,#N/A,,
3309,700,,,#N/A,,
3314,3000,SVaLZ,,#N/A,,
3315,4000,SVaLZ,,#N/A,,
3316,16500,,,#N/A,,
3317,65900,,,#N/A,,
3318,12300,,,#N/A,,
3319,49500,,,#N/A,,
3321,170,,,#N/A,,
3322,85,,,#N/A,,
3323,600,,,#N/A,,
3324,300,,,#N/A,,
3325,900,,,#N/A,,
3326,100,,,#N/A,,
3327,120,,,#N/A,,
3328,300,,,#N/A,,
3329,400,,,#N/A,,
3330,700,,,#N/A,,
3331,1000,,,#N/A,,
3332,250,,,#N/A,,
3333,500,,,#N/A,,
3334,220,,,#N/A,,
3335,60,,,#N/A,,
3336,60,,,#N/A,,
3337,300,,,#N/A,,
3338,200,,,#N/A,,
3339,200,,,#N/A,,
3340,250,,,#N/A,,
3341,300,,,#N/A,,
3342,350,,,#N/A,,
3343,250,,,#N/A,,
3344,250,,,#N/A,,
3345,100,,,#N/A,,
3346,320,,,#N/A,,
3347,280,,,#N/A,,
3348,120,,,#N/A,,
3349,300,,,#N/A,,
3350,100,,,#N/A,,
3351,730,,,#N/A,,
3352,300,,,#N/A,,
3353,200,,,#N/A,,
3354,300,,,#N/A,,
3355,150,,,#N/A,,
3356,700,,,#N/A,,
3357,700,,,#N/A,,
3358,400,,,#N/A,,
3359,700,,,#N/A,,
3360,1000,,,#N/A,,
3361,200,,,#N/A,,
3362,300,,,#N/A,,
3363,500,,,#N/A,,
3364,500,,,#N/A,,
3365,600,,,#N/A,,
3366,300,,,#N/A,,
3367,800,,,#N/A,,
3368,500,,,#N/A,,
3369,450,,,#N/A,,
3390,200,,,#N/A,,
3393,400,,,#N/A,,
3394,150,,,#N/A,,
3395,300,,,#N/A,,
3396,200,,,#N/A,,
3398,200,,,#N/A,,
3400,100,,,#N/A,,
3402,35,,,#N/A,,
3404,80,,,#N/A,,
3405,160,,,#N/A,,
3406,200,,,#N/A,,
3407,60,,,#N/A,,
3408,50,,,#N/A,,
3409,80,,,#N/A,,
3410,100,,,#N/A,,
3411,50,,,#N/A,,
3413,40,,,#N/A,,
3414,70,,,#N/A,,
3416,60,,,#N/A,,
3418,80,,,#N/A,,
3419,120,,,#N/A,,
3420,60,,,#N/A,,
3421,80,,,#N/A,,
3423,150,,,#N/A,,
3424,100,,,#N/A,,
3426,80,,,#N/A,,
3427,200,,,#N/A,,
3428,25,,,#N/A,,
3429,60,,,#N/A,,
3430,60,,,#N/A,,
3431,50,,,#N/A,,
3432,320,,,#N/A,,
3433,100,,,#N/A,,
3434,50,,,#N/A,,
3435,300,,,#N/A,,
3436,60,,,#N/A,,
3437,40,,,#N/A,,
3439,160,,,#N/A,,
3440,250,,,#N/A,,
3441,200,,,#N/A,,
3442,100,,,#N/A,,
3443,100,,,#N/A,,
3444,120,,,#N/A,,
3445,40,,,#N/A,,
3446,60,,,#N/A,,
3447,100,,,#N/A,,
3449,120,,,#N/A,,
3451,40,,,#N/A,,
3452,250,,,#N/A,,
3454,50,,,#N/A,,
3457,250,,,#N/A,,
3458,300,,,#N/A,,
3460,250,,,#N/A,,
3461,250,,,#N/A,,
3467,1400,,,#N/A,,
3468,500,,,#N/A,,
3469,60,,,#N/A,,
3470,100,,,#N/A,,
3474,50,,,#N/A,,
3475,200,,,#N/A,,
3476,250,,,#N/A,,
3500,40,,,#N/A,,
3501,90,SVaLZ,,#N/A,,
3502,60,SVaLZ,,#N/A,,
3503,100,SVaLZ,,#N/A,,
3504,75,SVaLZ,,#N/A,,
3505,200,,,#N/A,,
3506,120,SVaLZ,,#N/A,,
3507,300,SVaLZ,,#N/A,,
3510,30,SVaLZ,,#N/A,,
3511,0,SVaLZ,,#N/A,,
3512,150,SVaLZ,,#N/A,,
3517,200,SVaLZ,,#N/A,,
3518,200,SVaLZ,,#N/A,,
3519,80,SVaLZ,,#N/A,,
3525,50,SVaLZ,,#N/A,,
3526,35,SVaLZ,,#N/A,,
3527,30,SVaLZ,,#N/A,,
3530,30,SVaLZ,,#N/A,,
3531,30,SVaLZ,,#N/A,,
3532,30,SVaLZ,,#N/A,,
3533,30,SVaLZ,,#N/A,,
3534,30,SVaLZ,,#N/A,,
3535,30,SVaLZ,,#N/A,,
3536,30,SVaLZ,,#N/A,,
3538,35,SVaLZ,,#N/A,,
3540,35,SVaLZ,,#N/A,,
3541,30,SVaLZ,,#N/A,,
3542,50,SVaLZ,,#N/A,,
3543,90,SVaLZ,,#N/A,,
3544,50,SVaLZ,,#N/A,,
3545,50,SVaLZ,,#N/A,,
3546,50,SVaLZ,,#N/A,,
3547,50,SVaLZ,,#N/A,,
3548,110,SVaLZ,,#N/A,,
3549,110,SVaLZ,,#N/A,,
3550,110,SVaLZ,,#N/A,,
3551,50,SVaLZ,,#N/A,,
3552,50,SVaLZ,,#N/A,,
3553,50,SVaLZ,,#N/A,,
3554,50,SVaLZ,,#N/A,,
3555,50,SVaLZ,,#N/A,,
3556,100,SVaLZ,,#N/A,,
3557,240,SVaLZ,,#N/A,,
3570,100,SVaLZ,,#N/A,,
3571,50,SVaLZ,,#N/A,,
3572,50,SVaLZ,,#N/A,,
3573,70,SVaLZ,,#N/A,,
3574,50,SVaLZ,,#N/A,,
3575,50,SVaLZ,,#N/A,,
3576,50,SVaLZ,,#N/A,,
3577,50,SVaLZ,,#N/A,,
3578,50,SVaLZ,,#N/A,,
3579,70,SVaLZ,,#N/A,,
3580,70,SVaLZ,,#N/A,,
3586,100,SVaLZ,,#N/A,,
3587,50,SVaLZ,,#N/A,,
3588,50,SVaLZ,,#N/A,,
3589,50,SVaLZ,,#N/A,,
3590,100,SVaLZ,,#N/A,,
3591,50,SVaLZ,,#N/A,,
3592,50,SVaLZ,,#N/A,,
3600,95,SVaLZ,,#N/A,,
3601,50,SVaLZ,,#N/A,,
3602,80,SVaLZ,,#N/A,,
3603,95,SVaLZ,,#N/A,,
3604,95,SVaLZ,,#N/A,,
3605,150,SVaLZ,,#N/A,,
3606,120,SVaLZ,,#N/A,,
3607,100,SVaLZ,,#N/A,,
3608,80,SVaLZ,,#N/A,,
3609,80,SVaLZ,,#N/A,,
3610,90,SVaLZ,,#N/A,,
3611,100,SVaLZ,,#N/A,,
3612,95,SVaLZ,,#N/A,,
3613,95,SVaLZ,,#N/A,,
3614,120,SVaLZ,,#N/A,,
3615,360,SVaLZ,,#N/A,,
3616,160,SVaLZ,,#N/A,,
3617,160,SVaLZ,,#N/A,,
3618,160,SVaLZ,,#N/A,,
3619,80,SVaLZ,,#N/A,,
3620,120,SVaLZ,,#N/A,,
3621,120,SVaLZ,,#N/A,,
3622,100,SVaLZ,,#N/A,,
3623,2200,SVaLZ,,#N/A,,
3624,450,SVaLZ,,#N/A,,
3630,55,SVaLZ,,#N/A,,
3631,300,SVaLZ,,#N/A,,
3632,180,SVaLZ,,#N/A,,
3633,100,SVaLZ,,#N/A,,
3634,120,SVaLZ,,#N/A,,
3635,60,SVaLZ,,#N/A,,
3636,60,SVaLZ,,#N/A,,
3637,60,SVaLZ,,#N/A,,
3638,60,SVaLZ,,#N/A,,
3639,60,SVaLZ,,#N/A,,
3640,60,SVaLZ,,#N/A,,
3641,60,SVaLZ,,#N/A,,
3643,60,SVaLZ,,#N/A,,
3647,60,SVaLZ,,#N/A,,
3648,60,SVaLZ,,#N/A,,
3649,60,SVaLZ,,#N/A,,
3650,60,SVaLZ,,#N/A,,
3651,60,SVaLZ,,#N/A,,
3652,60,SVaLZ,,#N/A,,
3653,60,SVaLZ,,#N/A,,
3654,60,SVaLZ,,#N/A,,
3660,80,SVaLZ,,#N/A,,
3661,80,SVaLZ,,#N/A,,
3662,80,SVaLZ,,#N/A,,
3670,40,SVaLZ,,#N/A,,
3671,40,SVaLZ,,#N/A,,
3672,40,SVaLZ,,#N/A,,
3673,40,SVaLZ,,#N/A,,
3674,40,SVaLZ,,#N/A,,
3675,55,SVaLZ,,#N/A,,
3676,50,SVaLZ,,#N/A,,
3678,60,SVaLZ,,#N/A,,
3679,60,SVaLZ,,#N/A,,
3680,50,SVaLZ,,#N/A,,
3681,50,SVaLZ,,#N/A,,
3682,40,SVaLZ,,#N/A,,
3683,40,SVaLZ,,#N/A,,
3684,50,SVaLZ,,#N/A,,
3685,40,SVaLZ,,#N/A,,
3689,60,SVaLZ,,#N/A,,
3690,60,SVaLZ,,#N/A,,
3691,60,SVaLZ,,#N/A,,
3692,60,SVaLZ,,#N/A,,
3693,60,SVaLZ,,#N/A,,
3694,90,SVaLZ,,#N/A,,
3696,90,SVaLZ,,#N/A,,
3697,75,SVaLZ,,#N/A,,
3698,70,SVaLZ,,#N/A,,
3699,100,SVaLZ,,#N/A,,
3700,60,SVaLZ,,#N/A,,
3701,180,SVaLZ,,#N/A,,
3702,90,SVaLZ,,#N/A,,
3703,120,SVaLZ,,#N/A,,
3704,50,SVaLZ,,#N/A,,
3705,50,SVaLZ,,#N/A,,
3706,50,SVaLZ,,#N/A,,
3707,50,SVaLZ,,#N/A,,
3708,90,SVaLZ,,#N/A,,
3709,60,SVaLZ,,#N/A,,
3710,60,SVaLZ,,#N/A,,
3711,80,SVaLZ,,#N/A,,
3712,240,SVaLZ,,#N/A,,
3715,120,SVaLZ,,#N/A,,
3720,60,SVaLZ,,#N/A,,
3721,50,SVaLZ,,#N/A,,
3722,480,SVaLZ,,#N/A,,
3723,120,SVaLZ,,#N/A,,
3724,80,SVaLZ,,#N/A,,
3730,700,SVaLZ,,#N/A,,
3731,120,SVaLZ,,#N/A,,
3732,120,SVaLZ,,#N/A,,
3733,120,SVaLZ,,#N/A,,
3734,120,SVaLZ,,#N/A,,
3735,120,SVaLZ,,#N/A,,
3736,120,SVaLZ,,#N/A,,
3740,100,SVaLZ,,#N/A,,
3741,480,SVaLZ,,#N/A,,
3742,900,SVaLZ,,#N/A,,
3750,180,SVaLZ,,#N/A,,
3751,180,SVaLZ,,#N/A,,
3752,180,SVaLZ,,#N/A,,
3753,180,SVaLZ,,#N/A,,
3754,200,SVaLZ,,#N/A,,
3780,50,SVaLZ,,#N/A,,
3781,55,SVaLZ,,#N/A,,
3782,80,SVaLZ,,#N/A,,
3783,120,SVaLZ,,#N/A,,
3784,125,SVaLZ,,#N/A,,
3785,80,SVaLZ,,#N/A,,
3786,95,SVaLZ,,#N/A,,
3787,10,SVaLZ,,#N/A,,
3800,120,SVaLZ,,#N/A,,
3801,30,SVaLZ,,#N/A,,
3802,80,SVaLZ,,#N/A,,
3803,95,SVaLZ,,#N/A,,
3804,35,SVaLZ,,#N/A,,
3806,100,SVaLZ,,#N/A,,
3808,100,SVaLZ,,#N/A,,
3809,150,SVaLZ,,#N/A,,
3812,30,SVaLZ,,#N/A,,
3813,120,SVaLZ,,#N/A,,
3815,40,SVaLZ,,#N/A,,
3816,40,SVaLZ,,#N/A,,
3817,500,SVaLZ,,#N/A,,
3840,80,SVaLZ,,#N/A,,
3841,95,SVaLZ,,#N/A,,
3842,95,SVaLZ,,#N/A,,
3843,90,SVaLZ,,#N/A,,
3844,120,SVaLZ,,#N/A,,
3846,150,SVaLZ,,#N/A,,
3848,80,SVaLZ,,#N/A,,
3849,500,SVaLZ,,#N/A,,
3851,150,SVaLZ,,#N/A,,
3852,150,SVaLZ,,#N/A,,
3853,80,SVaLZ,,#N/A,,
3854,60,SVaLZ,,#N/A,,
3855,80,SVaLZ,,#N/A,,
3856,125,SVaLZ,,#N/A,,
3857,250,SVaLZ,,#N/A,,
3858,240,SVaLZ,,#N/A,,
3859,400,SVaLZ,,#N/A,,
3860,480,SVaLZ,,#N/A,,
3861,800,SVaLZ,,#N/A,,
3862,380,SVaLZ,,#N/A,,
3863,280,SVaLZ,,#N/A,,
3864,1000,SVaLZ,,#N/A,,
3880,210,SVaLZ,,#N/A,,
3881,210,SVaLZ,,#N/A,,
3882,210,SVaLZ,,#N/A,,
3883,210,SVaLZ,,#N/A,,
3884,210,SVaLZ,,#N/A,,
3885,300,SVaLZ,,#N/A,,
3886,60,SVaLZ,,#N/A,,
3887,60,SVaLZ,,#N/A,,
3888,60,SVaLZ,,#N/A,,
3891,60,SVaLZ,,#N/A,,
3892,100,SVaLZ,,#N/A,,
3893,240,SVaLZ,,#N/A,,
3894,210,SVaLZ,,#N/A,,
3895,900,SVaLZ,,#N/A,,
3900,100,SVaLZ,,#N/A,,
3901,120,SVaLZ,,#N/A,,
3902,100,SVaLZ,,#N/A,,
3903,120,SVaLZ,,#N/A,,
3904,420,SVaLZ,,#N/A,,
3905,300,SVaLZ,,#N/A,,
3906,200,SVaLZ,,#N/A,,
3910,190,SVaLZ,,#N/A,,
3911,200,SVaLZ,,#N/A,,
3912,200,SVaLZ,,#N/A,,
3913,200,SVaLZ,,#N/A,,
3914,200,SVaLZ,,#N/A,,
3915,200,SVaLZ,,#N/A,,
3916,200,SVaLZ,,#N/A,,
3920,240,SVaLZ,,#N/A,,
3921,240,SVaLZ,,#N/A,,
3922,240,SVaLZ,,#N/A,,
3923,240,SVaLZ,,#N/A,,
3924,400,SVaLZ,,#N/A,,
3930,120,SVaLZ,,#N/A,,
3931,200,SVaLZ,,#N/A,,
3932,200,SVaLZ,,#N/A,,
3933,200,SVaLZ,,#N/A,,
3934,200,SVaLZ,,#N/A,,
3935,200,SVaLZ,,#N/A,,
3936,200,SVaLZ,,#N/A,,
3937,300,SVaLZ,,#N/A,,
3938,300,SVaLZ,,#N/A,,
3939,300,SVaLZ,,#N/A,,
3940,300,SVaLZ,,#N/A,,
3945,400,SVaLZ,,#N/A,,
3946,400,SVaLZ,,#N/A,,
3947,1600,SVaLZ,,#N/A,,
3949,320,SVaLZ,,#N/A,,
3950,320,SVaLZ,,#N/A,,
3951,1600,SVaLZ,,#N/A,,
3952,500,SVaLZ,,#N/A,,
3953,200,SVaLZ,,#N/A,,
3954,3000,SVaLZ,,#N/A,,
3955,200,SVaLZ,,#N/A,,
3956,500,SVaLZ,,#N/A,,
3957,500,SVaLZ,,#N/A,,
3958,500,SVaLZ,,#N/A,,
3959,500,SVaLZ,,#N/A,,
3960,500,SVaLZ,,#N/A,,
3961,500,SVaLZ,,#N/A,,
3963,300,SVaLZ,,#N/A,,
3964,350,SVaLZ,,#N/A,,
3965,350,SVaLZ,,#N/A,,
3966,880,SVaLZ,,#N/A,,
3968,750,SVaLZ,,#N/A,,
3969,750,SVaLZ,,#N/A,,
3970,700,SVaLZ,,#N/A,,
3972,640,SVaLZ,,#N/A,,
3973,640,SVaLZ,,#N/A,,
3974,640,SVaLZ,,#N/A,,
3976,1000,SVaLZ,,#N/A,,
3977,1050,SVaLZ,,#N/A,,
3978,1000,SVaLZ,,#N/A,,
3979,1000,SVaLZ,,#N/A,,
3980,1000,SVaLZ,,#N/A,,
3981,1000,SVaLZ,,#N/A,,
3982,1000,SVaLZ,,#N/A,,
3983,400,SVaLZ,,#N/A,,
3984,1000,SVaLZ,,#N/A,,
3985,950,SVaLZ,,#N/A,,
3986,750,SVaLZ,,#N/A,,
3987,750,SVaLZ,,#N/A,,
3988,750,SVaLZ,,#N/A,,
3989,750,SVaLZ,,#N/A,,
3991,1800,SVaLZ,,#N/A,,
3993,1900,SVaLZ,,#N/A,,
3995,300,SVaLZ,,#N/A,,
3996,500,SVaLZ,,#N/A,,
4000,250,SVaLZ,,#N/A,,
4001,250,SVaLZ,,#N/A,,
4002,250,SVaLZ,,#N/A,,
4003,360,SVaLZ,,#N/A,,
4004,400,SVaLZ,,#N/A,,
4005,250,SVaLZ,,#N/A,,
4006,250,SVaLZ,,#N/A,,
4007,250,SVaLZ,,#N/A,,
4008,250,SVaLZ,,#N/A,,
4009,250,SVaLZ,,#N/A,,
4010,250,SVaLZ,,#N/A,,
4011,250,SVaLZ,,#N/A,,
4012,250,SVaLZ,,#N/A,,
4013,250,SVaLZ,,#N/A,,
4014,250,SVaLZ,,#N/A,,
4015,250,SVaLZ,,#N/A,,
4016,250,SVaLZ,,#N/A,,
4017,250,SVaLZ,,#N/A,,
4020,250,SVaLZ,,#N/A,,
4021,250,SVaLZ,,#N/A,,
4022,250,SVaLZ,,#N/A,,
4023,250,SVaLZ,,#N/A,,
4024,250,SVaLZ,,#N/A,,
4025,480,SVaLZ,,#N/A,,
4026,250,SVaLZ,,#N/A,,
4027,250,SVaLZ,,#N/A,,
4028,250,SVaLZ,,#N/A,,
4029,250,SVaLZ,,#N/A,,
4030,250,SVaLZ,,#N/A,,
4031,250,SVaLZ,,#N/A,,
4032,250,SVaLZ,,#N/A,,
4033,250,SVaLZ,,#N/A,,
4034,250,SVaLZ,,#N/A,,
4035,250,SVaLZ,,#N/A,,
4036,250,SVaLZ,,#N/A,,
4037,250,SVaLZ,,#N/A,,
4038,1440,SVaLZ,,#N/A,,
4039,250,SVaLZ,,#N/A,,
4040,250,SVaLZ,,#N/A,,
4041,250,SVaLZ,,#N/A,,
4042,250,SVaLZ,,#N/A,,
4043,250,SVaLZ,,#N/A,,
4044,250,SVaLZ,,#N/A,,
4045,250,SVaLZ,,#N/A,,
4046,250,SVaLZ,,#N/A,,
4047,250,SVaLZ,,#N/A,,
4048,250,SVaLZ,,#N/A,,
4049,250,SVaLZ,,#N/A,,
4050,250,SVaLZ,,#N/A,,
4051,250,SVaLZ,,#N/A,,
4052,250,SVaLZ,,#N/A,,
4053,250,SVaLZ,,#N/A,,
4054,250,SVaLZ,,#N/A,,
4055,250,SVaLZ,,#N/A,,
4056,250,SVaLZ,,#N/A,,
4057,200,SVaLZ,,#N/A,,
4060,350,SVaLZ,,#N/A,,
4061,350,SVaLZ,,#N/A,,
4062,350,SVaLZ,,#N/A,,
4063,350,SVaLZ,,#N/A,,
4064,350,SVaLZ,,#N/A,,
4065,350,SVaLZ,,#N/A,,
4066,350,SVaLZ,,#N/A,,
4067,350,SVaLZ,,#N/A,,
4068,600,SVaLZ,,#N/A,,
4069,720,SVaLZ,,#N/A,,
4070,350,SVaLZ,,#N/A,,
4071,350,SVaLZ,,#N/A,,
4072,350,SVaLZ,,#N/A,,
4073,420,SVaLZ,,#N/A,,
4074,630,SVaLZ,,#N/A,,
4075,350,SVaLZ,,#N/A,,
4076,350,SVaLZ,,#N/A,,
4077,350,SVaLZ,,#N/A,,
4078,350,SVaLZ,,#N/A,,
4079,350,SVaLZ,,#N/A,,
4080,350,SVaLZ,,#N/A,,
4081,350,SVaLZ,,#N/A,,
4082,350,SVaLZ,,#N/A,,
4083,350,SVaLZ,,#N/A,,
4084,350,SVaLZ,,#N/A,,
4085,600,SVaLZ,,#N/A,,
4086,600,SVaLZ,,#N/A,,
4087,350,SVaLZ,,#N/A,,
4088,350,SVaLZ,,#N/A,,
4090,600,SVaLZ,,#N/A,,
4091,600,SVaLZ,,#N/A,,
4092,600,SVaLZ,,#N/A,,
4093,600,SVaLZ,,#N/A,,
4094,600,SVaLZ,,#N/A,,
4095,600,SVaLZ,,#N/A,,
4096,600,SVaLZ,,#N/A,,
4097,600,SVaLZ,,#N/A,,
4098,600,SVaLZ,,#N/A,,
4099,600,SVaLZ,,#N/A,,
4100,600,SVaLZ,,#N/A,,
4101,600,SVaLZ,,#N/A,,
4102,600,SVaLZ,,#N/A,,
4103,800,SVaLZ,,#N/A,,
4104,600,SVaLZ,,#N/A,,
4106,1050,SVaLZ,,#N/A,,
4107,1050,SVaLZ,,#N/A,,
4108,1050,SVaLZ,,#N/A,,
4109,1050,SVaLZ,,#N/A,,
4110,1050,SVaLZ,,#N/A,,
4111,1050,SVaLZ,,#N/A,,
4112,1050,SVaLZ,,#N/A,,
4113,1050,SVaLZ,,#N/A,,
4114,1050,SVaLZ,,#N/A,,
4120,1220,SVaLZ,,#N/A,,
4121,1220,SVaLZ,,#N/A,,
4123,1220,SVaLZ,,#N/A,,
4124,1220,SVaLZ,,#N/A,,
4125,1220,SVaLZ,,#N/A,,
4126,1220,SVaLZ,,#N/A,,
4127,1220,SVaLZ,,#N/A,,
4128,1220,SVaLZ,,#N/A,,
4129,1220,SVaLZ,,#N/A,,
4130,1220,SVaLZ,,#N/A,,
4131,1220,SVaLZ,,#N/A,,
4132,1220,SVaLZ,,#N/A,,
4133,1220,SVaLZ,,#N/A,,
4138,600,SVaLZ,,#N/A,,
4139,400,SVaLZ,,#N/A,,
4140,600,SVaLZ,,#N/A,,
4150,200,SVaLZ,,#N/A,,
4151,200,SVaLZ,,#N/A,,
4152,200,SVaLZ,,#N/A,,
4153,200,SVaLZ,,#N/A,,
4155,400,SVaLZ,,#N/A,,
4156,400,SVaLZ,,#N/A,,
4157,400,SVaLZ,,#N/A,,
4158,400,SVaLZ,,#N/A,,
4159,300,SVaLZ,,#N/A,,
4160,400,SVaLZ,,#N/A,,
4161,400,SVaLZ,,#N/A,,
4163,360,SVaLZ,,#N/A,,
4164,360,SVaLZ,,#N/A,,
4165,360,SVaLZ,,#N/A,,
4166,360,SVaLZ,,#N/A,,
4167,360,SVaLZ,,#N/A,,
4168,360,SVaLZ,,#N/A,,
4169,360,SVaLZ,,#N/A,,
4170,360,SVaLZ,,#N/A,,
4171,360,SVaLZ,,#N/A,,
4173,600,SVaLZ,,#N/A,,
4174,600,SVaLZ,,#N/A,,
4175,600,SVaLZ,,#N/A,,
4176,600,SVaLZ,,#N/A,,
4177,600,SVaLZ,,#N/A,,
4178,600,SVaLZ,,#N/A,,
4179,600,SVaLZ,,#N/A,,
4180,600,SVaLZ,,#N/A,,
4181,600,SVaLZ,,#N/A,,
4184,900,SVaLZ,,#N/A,,
4185,400,SVaLZ,,#N/A,,
4186,950,SVaLZ,,#N/A,,
4187,750,SVaLZ,,#N/A,,
4188,750,SVaLZ,,#N/A,,
4189,500,SVaLZ,,#N/A,,
4190,400,SVaLZ,,#N/A,,
4191,1000,SVaLZ,,#N/A,,
4192,1500,SVaLZ,,#N/A,,
4193,1000,SVaLZ,,#N/A,,
4194,300,SVaLZ,,#N/A,,
4196,400,SVaLZ,,#N/A,,
4197,400,SVaLZ,,#N/A,,
4198,800,SVaLZ,,#N/A,,
4200,200,SVaLZ,,#N/A,,
4201,200,SVaLZ,,#N/A,,
4202,200,SVaLZ,,#N/A,,
4203,200,SVaLZ,,#N/A,,
4204,200,SVaLZ,,#N/A,,
4205,200,SVaLZ,,#N/A,,
4206,200,SVaLZ,,#N/A,,
4207,200,SVaLZ,,#N/A,,
4210,600,SVaLZ,,#N/A,,
4211,600,SVaLZ,,#N/A,,
4212,600,SVaLZ,,#N/A,,
4213,600,SVaLZ,,#N/A,,
4214,600,SVaLZ,,#N/A,,
4215,600,SVaLZ,,#N/A,,
4216,600,SVaLZ,,#N/A,,
4217,600,SVaLZ,,#N/A,,
4220,800,SVaLZ,,#N/A,,
4221,150,SVaLZ,,#N/A,,
4222,300,SVaLZ,,#N/A,,
4223,400,SVaLZ,,#N/A,,
4225,250,SVaLZ,,#N/A,,
4226,460,SVaLZ,,#N/A,,
4227,250,SVaLZ,,#N/A,,
4228,1200,SVaLZ,,#N/A,,
4230,460,SVaLZ,,#N/A,,
4231,1330,SVaLZ,,#N/A,,
4232,900,SVaLZ,,#N/A,,
4233,720,SVaLZ,,#N/A,,
4234,1300,SVaLZ,,#N/A,,
4235,180,SVaLZ,,#N/A,,
4236,700,SVaLZ,,#N/A,,
4237,1600,SVaLZ,,#N/A,,
4238,1600,SVaLZ,,#N/A,,
4239,2200,SVaLZ,,#N/A,,
4241,180,SVaLZ,,#N/A,,
4242,500,SVaLZ,,#N/A,,
4243,300,SVaLZ,,#N/A,,
4244,400,SVaLZ,,#N/A,,
4245,200,SVaLZ,,#N/A,,
4246,200,SVaLZ,,#N/A,,
4247,300,SVaLZ,,#N/A,,
4248,200,SVaLZ,,#N/A,,
4250,1500,SVaLZ,,#N/A,,
4252,1000,SVaLZ,,#N/A,,
4253,100,SVaLZ,,#N/A,,
4300,500,SVaLZ,,#N/A,,
4301,500,SVaLZ,,#N/A,,
4302,500,SVaLZ,,#N/A,,
4303,300,SVaLZ,,#N/A,,
4310,500,SVaLZ,,#N/A,,
4312,800,SVaLZ,,#N/A,,
4313,500,SVaLZ,,#N/A,,
4314,850,SVaLZ,,#N/A,,
4315,500,SVaLZ,,#N/A,,
4316,800,SVaLZ,,#N/A,,
4317,600,SVaLZ,,#N/A,,
4318,600,SVaLZ,,#N/A,,
4319,800,SVaLZ,,#N/A,,
4320,800,SVaLZ,,#N/A,,
4321,600,SVaLZ,,#N/A,,
4322,1000,SVaLZ,,#N/A,,
4323,600,SVaLZ,,#N/A,,
4324,600,SVaLZ,,#N/A,,
4325,600,SVaLZ,,#N/A,,
4326,600,SVaLZ,,#N/A,,
4327,600,SVaLZ,,#N/A,,
4328,850,SVaLZ,,#N/A,,
4329,600,SVaLZ,,#N/A,,
4330,600,SVaLZ,,#N/A,,
4331,600,SVaLZ,,#N/A,,
4332,900,SVaLZ,,#N/A,,
4333,600,SVaLZ,,#N/A,,
4334,500,SVaLZ,,#N/A,,
4335,500,SVaLZ,,#N/A,,
4341,2400,SVaLZ,,#N/A,,
4342,600,SVaLZ,,#N/A,,
4343,600,SVaLZ,,#N/A,,
4344,600,SVaLZ,,#N/A,,
4345,600,SVaLZ,,#N/A,,
4346,2100,SVaLZ,,#N/A,,
4347,600,SVaLZ,,#N/A,,
4348,600,SVaLZ,,#N/A,,
4349,600,SVaLZ,,#N/A,,
4350,600,SVaLZ,,#N/A,,
4351,600,SVaLZ,,#N/A,,
4352,600,SVaLZ,,#N/A,,
4353,900,SVaLZ,,#N/A,,
4354,900,SVaLZ,,#N/A,,
4355,1500,SVaLZ,,#N/A,,
4356,600,SVaLZ,,#N/A,,
4357,700,SVaLZ,,#N/A,,
4358,600,SVaLZ,,#N/A,,
4359,600,SVaLZ,,#N/A,,
4360,1100,SVaLZ,,#N/A,,
4361,600,SVaLZ,,#N/A,,
4362,600,SVaLZ,,#N/A,,
4363,600,SVaLZ,,#N/A,,
4370,600,SVaLZ,,#N/A,,
4371,600,SVaLZ,,#N/A,,
4372,600,SVaLZ,,#N/A,,
4373,600,SVaLZ,,#N/A,,
4374,600,SVaLZ,,#N/A,,
4375,700,SVaLZ,,#N/A,,
4376,700,SVaLZ,,#N/A,,
4377,600,SVaLZ,,#N/A,,
4378,600,SVaLZ,,#N/A,,
4379,600,SVaLZ,,#N/A,,
4380,600,SVaLZ,,#N/A,,
4381,600,SVaLZ,,#N/A,,
4382,600,SVaLZ,,#N/A,,
4383,600,SVaLZ,,#N/A,,
4384,600,SVaLZ,,#N/A,,
4385,600,SVaLZ,,#N/A,,
4386,600,SVaLZ,,#N/A,,
4387,600,SVaLZ,,#N/A,,
4388,600,SVaLZ,,#N/A,,
4389,600,SVaLZ,,#N/A,,
4390,600,SVaLZ,,#N/A,,
4391,1200,SVaLZ,,#N/A,,
4395,1800,SVaLZ,,#N/A,,
4396,500,SVaLZ,,#N/A,,
4397,500,SVaLZ,,#N/A,,
4398,1800,SVaLZ,,#N/A,,
4399,1800,SVaLZ,,#N/A,,
4400,1800,SVaLZ,,#N/A,,
4401,500,SVaLZ,,#N/A,,
4402,500,SVaLZ,,#N/A,,
4403,1800,SVaLZ,,#N/A,,
4404,1800,SVaLZ,,#N/A,,
4405,1800,SVaLZ,,#N/A,,
4406,1800,SVaLZ,,#N/A,,
4407,1800,SVaLZ,,#N/A,,
4410,900,SVaLZ,,#N/A,,
4411,900,SVaLZ,,#N/A,,
4412,1800,SVaLZ,,#N/A,,
4413,1800,SVaLZ,,#N/A,,
4414,600,SVaLZ,,#N/A,,
4415,600,SVaLZ,,#N/A,,
4416,900,SVaLZ,,#N/A,,
4417,900,SVaLZ,,#N/A,,
4418,900,SVaLZ,,#N/A,,
4419,900,SVaLZ,,#N/A,,
4420,900,SVaLZ,,#N/A,,
4421,900,SVaLZ,,#N/A,,
4422,900,SVaLZ,,#N/A,,
4423,900,SVaLZ,,#N/A,,
4424,900,SVaLZ,,#N/A,,
4425,900,SVaLZ,,#N/A,,
4426,900,SVaLZ,,#N/A,,
4427,900,SVaLZ,,#N/A,,
4428,900,SVaLZ,,#N/A,,
4429,900,SVaLZ,,#N/A,,
4430,900,SVaLZ,,#N/A,,
4434,1100,SVaLZ,,#N/A,,
4435,1100,SVaLZ,,#N/A,,
4436,1100,SVaLZ,,#N/A,,
4437,1100,SVaLZ,,#N/A,,
4438,1100,SVaLZ,,#N/A,,
4439,1100,SVaLZ,,#N/A,,
4440,1100,SVaLZ,,#N/A,,
4441,1100,SVaLZ,,#N/A,,
4442,1100,SVaLZ,,#N/A,,
4443,1100,SVaLZ,,#N/A,,
4444,1800,SVaLZ,,#N/A,,
4445,1800,SVaLZ,,#N/A,,
4446,1800,SVaLZ,,#N/A,,
4447,1100,SVaLZ,,#N/A,,
4448,1100,SVaLZ,,#N/A,,
4449,1100,SVaLZ,,#N/A,,
4450,1100,SVaLZ,,#N/A,,
4451,1800,SVaLZ,,#N/A,,
4452,1100,SVaLZ,,#N/A,,
4453,1100,SVaLZ,,#N/A,,
4454,1200,SVaLZ,,#N/A,,
4455,1200,SVaLZ,,#N/A,,
4456,1100,SVaLZ,,#N/A,,
4457,1100,SVaLZ,,#N/A,,
4458,1100,SVaLZ,,#N/A,,
4459,1100,SVaLZ,,#N/A,,
4460,2100,SVaLZ,,#N/A,,
4461,1800,SVaLZ,,#N/A,,
4462,1100,SVaLZ,,#N/A,,
4463,1100,SVaLZ,,#N/A,,
4464,1200,SVaLZ,,#N/A,,
4465,800,SVaLZ,,#N/A,,
4466,1000,SVaLZ,,#N/A,,
4467,500,SVaLZ,,#N/A,,
4470,2400,SVaLZ,,#N/A,,
4471,1500,SVaLZ,,#N/A,,
4472,1500,SVaLZ,,#N/A,,
4473,1500,SVaLZ,,#N/A,,
4474,1500,SVaLZ,,#N/A,,
4475,500,SVaLZ,,#N/A,,
4476,1500,SVaLZ,,#N/A,,
4477,1000,SVaLZ,,#N/A,,
4478,1000,SVaLZ,,#N/A,,
4480,2100,SVaLZ,,#N/A,,
4481,1900,SVaLZ,,#N/A,,
4482,2400,SVaLZ,,#N/A,,
4483,2400,SVaLZ,,#N/A,,
4484,2400,SVaLZ,,#N/A,,
4485,2450,SVaLZ,,#N/A,,
4486,2200,SVaLZ,,#N/A,,
4487,600,SVaLZ,,#N/A,,
4488,1500,SVaLZ,,#N/A,,
4490,2300,SVaLZ,,#N/A,,
4491,2300,SVaLZ,,#N/A,,
4492,2300,SVaLZ,,#N/A,,
4493,2300,SVaLZ,,#N/A,,
4494,4000,SVaLZ,,#N/A,,
4496,600,SVaLZ,,#N/A,,
4503,100,SVaLZ,,#N/A,,
4504,410,SVaLZ,,#N/A,,
4505,200,SVaLZ,,#N/A,,
4506,200,SVaLZ,,#N/A,,
4507,200,SVaLZ,,#N/A,,
4508,200,SVaLZ,,#N/A,,
4509,200,SVaLZ,,#N/A,,
4510,300,SVaLZ,,#N/A,,
4511,300,SVaLZ,,#N/A,,
4512,200,SVaLZ,,#N/A,,
4513,200,SVaLZ,,#N/A,,
4514,300,SVaLZ,,#N/A,,
4515,200,SVaLZ,,#N/A,,
4516,550,SVaLZ,,#N/A,,
4517,200,SVaLZ,,#N/A,,
4518,200,SVaLZ,,#N/A,,
4519,200,SVaLZ,,#N/A,,
4520,250,SVaLZ,,#N/A,,
4521,250,SVaLZ,,#N/A,,
4522,200,SVaLZ,,#N/A,,
4523,200,SVaLZ,,#N/A,,
4524,200,SVaLZ,,#N/A,,
4525,200,SVaLZ,,#N/A,,
4526,200,SVaLZ,,#N/A,,
4530,240,SVaLZ,,#N/A,,
4531,240,SVaLZ,,#N/A,,
4532,240,SVaLZ,,#N/A,,
4533,240,SVaLZ,,#N/A,,
4534,1200,SVaLZ,,#N/A,,
4535,1200,SVaLZ,,#N/A,,
4536,240,SVaLZ,,#N/A,,
4537,240,SVaLZ,,#N/A,,
4538,600,SVaLZ,,#N/A,,
4539,200,SVaLZ,,#N/A,,
4540,330,SVaLZ,,#N/A,,
4541,300,SVaLZ,,#N/A,,
4542,600,SVaLZ,,#N/A,,
4543,300,SVaLZ,,#N/A,,
4544,480,SVaLZ,,#N/A,,
4545,240,SVaLZ,,#N/A,,
4546,420,SVaLZ,,#N/A,,
4547,480,SVaLZ,,#N/A,,
4548,360,SVaLZ,,#N/A,,
4549,360,SVaLZ,,#N/A,,
4550,1100,SVaLZ,,#N/A,,
4551,1100,SVaLZ,,#N/A,,
4552,480,SVaLZ,,#N/A,,
4560,360,SVaLZ,,#N/A,,
4561,360,SVaLZ,,#N/A,,
4562,360,SVaLZ,,#N/A,,
4563,360,SVaLZ,,#N/A,,
4564,300,SVaLZ,,#N/A,,
4566,1100,SVaLZ,,#N/A,,
4567,1100,SVaLZ,,#N/A,,
4568,1100,SVaLZ,,#N/A,,
4569,1100,SVaLZ,,#N/A,,
4570,1100,SVaLZ,,#N/A,,
4571,380,SVaLZ,,#N/A,,
4572,380,SVaLZ,,#N/A,,
4573,380,SVaLZ,,#N/A,,
4575,700,SVaLZ,,#N/A,,
4576,700,SVaLZ,,#N/A,,
4577,700,SVaLZ,,#N/A,,
4578,700,SVaLZ,,#N/A,,
4579,500,SVaLZ,,#N/A,,
4580,500,SVaLZ,,#N/A,,
4581,500,SVaLZ,,#N/A,,
4582,500,SVaLZ,,#N/A,,
4583,500,SVaLZ,,#N/A,,
4584,350,SVaLZ,,#N/A,,
4585,500,SVaLZ,,#N/A,,
4586,1500,SVaLZ,,#N/A,,
4588,1500,SVaLZ,,#N/A,,
4590,200,SVaLZ,,#N/A,,
4591,200,SVaLZ,,#N/A,,
4592,200,SVaLZ,,#N/A,,
4593,700,SVaLZ,,#N/A,,
4594,200,SVaLZ,,#N/A,,
4595,200,SVaLZ,,#N/A,,
4596,200,SVaLZ,,#N/A,,
4597,1100,SVaLZ,,#N/A,,
4598,200,SVaLZ,,#N/A,,
4599,200,SVaLZ,,#N/A,,
4600,600,SVaLZ,,#N/A,,
4601,250,SVaLZ,,#N/A,,
4602,250,SVaLZ,,#N/A,,
4603,250,SVaLZ,,#N/A,,
4605,500,SVaLZ,,#N/A,,
4607,450,SVaLZ,,#N/A,,
4615,300,SVaLZ,,#N/A,,
4616,400,SVaLZ,,#N/A,,
4619,80,SVaLZ,,#N/A,,
4621,700,SVaLZ,,#N/A,,
4622,500,SVaLZ,,#N/A,,
4625,500,SVaLZ,,#N/A,,
4626,500,SVaLZ,,#N/A,,
4627,500,SVaLZ,,#N/A,,
4630,400,SVaLZ,,#N/A,,
4631,400,SVaLZ,,#N/A,,
4634,300,SVaLZ,,#N/A,,
4636,300,SVaLZ,,#N/A,,
4637,300,SVaLZ,,#N/A,,
4638,300,SVaLZ,,#N/A,,
4640,300,SVaLZ,,#N/A,,
4641,100,SVaLZ,,#N/A,,
4645,720,SVaLZ,,#N/A,,
4646,1000,SVaLZ,,#N/A,,
4647,1000,SVaLZ,,#N/A,,
4648,1000,SVaLZ,,#N/A,,
4650,500,SVaLZ,,#N/A,,
4651,500,SVaLZ,,#N/A,,
4653,750,SVaLZ,,#N/A,,
4654,750,SVaLZ,,#N/A,,
4655,750,SVaLZ,,#N/A,,
4657,750,SVaLZ,,#N/A,,
4658,1400,SVaLZ,,#N/A,,
4659,1000,SVaLZ,,#N/A,,
4660,1000,SVaLZ,,#N/A,,
4661,400,SVaLZ,,#N/A,,
4662,450,SVaLZ,,#N/A,,
4663,560,SVaLZ,,#N/A,,
4665,140,SVaLZ,,#N/A,,
4666,400,SVaLZ,,#N/A,,
4667,500,SVaLZ,,#N/A,,
4668,250,SVaLZ,,#N/A,,
4669,450,SVaLZ,,#N/A,,
4670,150,SVaLZ,,#N/A,,
4671,450,SVaLZ,,#N/A,,
4672,800,SVaLZ,,#N/A,,
4673,150,SVaLZ,,#N/A,,
4674,50,SVaLZ,,#N/A,,
4680,1400,SVaLZ,,#N/A,,
4681,3500,SVaLZ,,#N/A,,
4682,2400,SVaLZ,,#N/A,,
4683,800,SVaLZ,,#N/A,,
4684,750,SVaLZ,,#N/A,,
4685,400,SVaLZ,,#N/A,,
4686,2500,SVaLZ,,#N/A,,
4687,10,SVaLZ,,#N/A,,
4688,1200,SVaLZ,,#N/A,,
4689,750,SVaLZ,,#N/A,,
4691,4500,SVaLZ,,#N/A,,
4692,2200,SVaLZ,,#N/A,,
4693,2000,SVaLZ,,#N/A,,
4698,40000,SVaLZ,,#N/A,,
4699,10000,SVaLZ,,#N/A,,
4700,150,SVaLZ,,#N/A,,
4701,180,SVaLZ,,#N/A,,
4702,70,SVaLZ,,#N/A,,
4703,200,SVaLZ,,#N/A,,
4704,100,SVaLZ,,#N/A,,
4705,100,SVaLZ,,#N/A,,
4706,120,SVaLZ,,#N/A,,
4707,170,SVaLZ,,#N/A,,
4710,170,SVaLZ,,#N/A,,
4711,180,SVaLZ,,#N/A,,
4712,750,SVaLZ,,#N/A,,
4713,160,SVaLZ,,#N/A,,
4714,160,SVaLZ,,#N/A,,
4716,500,SVaLZ,,#N/A,,
4718,160,SVaLZ,,#N/A,,
4719,200,SVaLZ,,#N/A,,
4720,160,SVaLZ,,#N/A,,
4729,200,SVaLZ,,#N/A,,
4730,160,SVaLZ,,#N/A,,
4731,160,SVaLZ,,#N/A,,
4732,160,SVaLZ,,#N/A,,
4733,140,SVaLZ,,#N/A,,
4734,120,SVaLZ,,#N/A,,
4735,110,SVaLZ,,#N/A,,
4736,220,SVaLZ,,#N/A,,
4737,150,SVaLZ,,#N/A,,
4740,200,SVaLZ,,#N/A,,
4741,400,SVaLZ,,#N/A,,
4742,400,SVaLZ,,#N/A,,
4743,500,SVaLZ,,#N/A,,
4744,2500,SVaLZ,,#N/A,,
4745,400,SVaLZ,,#N/A,,
4750,80,SVaLZ,,#N/A,,
4751,150,SVaLZ,,#N/A,,
4752,250,SVaLZ,,#N/A,,
4753,50,SVaLZ,,#N/A,,
4754,300,SVaLZ,,#N/A,,
4755,220,SVaLZ,,#N/A,,
4756,220,SVaLZ,,#N/A,,
4757,220,SVaLZ,,#N/A,,
4758,220,SVaLZ,,#N/A,,
4759,220,SVaLZ,,#N/A,,
4760,220,SVaLZ,,#N/A,,
4761,220,SVaLZ,,#N/A,,
4762,250,SVaLZ,,#N/A,,
4763,600,SVaLZ,,#N/A,,
4764,400,SVaLZ,,#N/A,,
4765,350,SVaLZ,,#N/A,,
4766,300,SVaLZ,,#N/A,,
4767,300,SVaLZ,,#N/A,,
4768,300,SVaLZ,,#N/A,,
4769,300,SVaLZ,,#N/A,,
4771,300,SVaLZ,,#N/A,,
4772,320,SVaLZ,,#N/A,,
4773,500,SVaLZ,,#N/A,,
4776,500,SVaLZ,,#N/A,,
4777,800,SVaLZ,,#N/A,,
4779,600,SVaLZ,,#N/A,,
4780,600,SVaLZ,,#N/A,,
4781,500,SVaLZ,,#N/A,,
4782,20000,SVaLZ,,#N/A,,
4784,450,SVaLZ,,#N/A,,
4785,1200,SVaLZ,,#N/A,,
4787,100,SVaLZ,,#N/A,,
4788,160,SVaLZ,,#N/A,,
4789,500,SVaLZ,,#N/A,,
4800,150,SVaLZ,,#N/A,,
4801,500,SVaLZ,,#N/A,,
4803,200,SVaLZ,,#N/A,,
4804,100,SVaLZ,,#N/A,,
4805,300,SVaLZ,,#N/A,,
4806,100,SVaLZ,,#N/A,,
4808,700,SVaLZ,,#N/A,,
4809,1200,SVaLZ,,#N/A,,
4811,1500,SVaLZ,,#N/A,,
4812,3500,SVaLZ,,#N/A,,
4813,3500,SVaLZ,,#N/A,,
4815,150,SVaLZ,,#N/A,,
4816,500,SVaLZ,,#N/A,,
4817,300,SVaLZ,,#N/A,,
4818,150,SVaLZ,,#N/A,,
4819,120,SVaLZ,,#N/A,,
4820,250,SVaLZ,,#N/A,,
4821,50,SVaLZ,,#N/A,,
4822,50,SVaLZ,,#N/A,,
4830,150,SVaLZ,,#N/A,,
4831,300,SVaLZ,,#N/A,,
4832,700,SVaLZ,,#N/A,,
4833,120,SVaLZ,,#N/A,,
4834,120,SVaLZ,,#N/A,,
4835,60,SVaLZ,,#N/A,,
4836,800,SVaLZ,,#N/A,,
4837,150,SVaLZ,,#N/A,,
4838,200,SVaLZ,,#N/A,,
4839,700,SVaLZ,,#N/A,,
4843,300,SVaLZ,,#N/A,,
4844,50,SVaLZ,,#N/A,,
4846,50,SVaLZ,,#N/A,,
4847,50,SVaLZ,,#N/A,,
4850,50,SVaLZ,,#N/A,,
4851,60,SVaLZ,,#N/A,,
4852,100,SVaLZ,,#N/A,,
4853,250,SVaLZ,,#N/A,,
4854,200,SVaLZ,,#N/A,,
4855,300,SVaLZ,,#N/A,,
4856,600,SVaLZ,,#N/A,,
4857,200,SVaLZ,,#N/A,,
4858,80,SVaLZ,,#N/A,,
4860,120,SVaLZ,,#N/A,,
4861,200,SVaLZ,,#N/A,,
4862,1000,SVaLZ,,#N/A,,
4870,430,SVaLZ,,#N/A,,
4871,750,SVaLZ,,#N/A,,
4872,900,SVaLZ,,#N/A,,
4873,650,SVaLZ,,#N/A,,
4874,850,SVaLZ,,#N/A,,
4875,850,SVaLZ,,#N/A,,
4876,670,SVaLZ,,#N/A,,
4877,650,SVaLZ,,#N/A,,
4878,880,SVaLZ,,#N/A,,
4879,1200,SVaLZ,,#N/A,,
4880,150,SVaLZ,,#N/A,,
4881,1200,SVaLZ,,#N/A,,
4882,520,SVaLZ,,#N/A,,
4883,520,SVaLZ,,#N/A,,
4884,400,SVaLZ,,#N/A,,
4885,1600,SVaLZ,,#N/A,,
4886,2000,SVaLZ,,#N/A,,
4887,800,SVaLZ,,#N/A,,
4888,600,SVaLZ,,#N/A,,
4889,800,SVaLZ,,#N/A,,
4890,400,SVaLZ,,#N/A,,
4891,450,SVaLZ,,#N/A,,
4892,1200,SVaLZ,,#N/A,,
4893,1100,SVaLZ,,#N/A,,
4894,1150,SVaLZ,,#N/A,,
4895,1250,SVaLZ,,#N/A,,
4896,1350,SVaLZ,,#N/A,,
4897,1250,SVaLZ,,#N/A,,
4898,1500,SVaLZ,,#N/A,,
4899,1500,SVaLZ,,#N/A,,
4900,900,SVaLZ,,#N/A,,
4902,1350,SVaLZ,,#N/A,,
4905,1100,SVaLZ,,#N/A,,
4906,1400,SVaLZ,,#N/A,,
4907,1000,SVaLZ,,#N/A,,
4908,550,SVaLZ,,#N/A,,
4909,1000,SVaLZ,,#N/A,,
4910,1200,SVaLZ,,#N/A,,
4911,2700,SVaLZ,,#N/A,,
4912,3150,SVaLZ,,#N/A,,
4913,4000,SVaLZ,,#N/A,,
4914,1600,SVaLZ,,#N/A,,
4915,1500,SVaLZ,,#N/A,,
4916,1800,SVaLZ,,#N/A,,
4917,2700,SVaLZ,,#N/A,,
4918,650,SVaLZ,,#N/A,,
4919,350,SVaLZ,,#N/A,,
4920,500,SVaLZ,,#N/A,,
4921,360,SVaLZ,,#N/A,,
4922,1500,SVaLZ,,#N/A,,
4923,1600,SVaLZ,,#N/A,,
4924,1500,SVaLZ,,#N/A,,
4925,1600,SVaLZ,,#N/A,,
4926,1600,SVaLZ,,#N/A,,
4927,1800,SVaLZ,,#N/A,,
4928,1600,SVaLZ,,#N/A,,
4929,1800,SVaLZ,,#N/A,,
4930,1500,SVaLZ,,#N/A,,
4931,1800,SVaLZ,,#N/A,,
4950,140,SVaLZ,,#N/A,,
4951,170,SVaLZ,,#N/A,,
4952,700,SVaLZ,,#N/A,,
4953,800,SVaLZ,,#N/A,,
4954,900,SVaLZ,,#N/A,,
4955,1000,SVaLZ,,#N/A,,
4956,1400,SVaLZ,,#N/A,,
4957,1000,SVaLZ,,#N/A,,
4970,1600,SVaLZ,,#N/A,,
4971,1900,SVaLZ,,#N/A,,
4972,7500,SVaLZ,,#N/A,,
4974,7500,SVaLZ,,#N/A,,
4975,11000,SVaLZ,,#N/A,,
4976,11000,SVaLZ,,#N/A,,
4977,7500,SVaLZ,,#N/A,,
4978,2600,SVaLZ,,#N/A,,
4979,3500,SVaLZ,,#N/A,,
4980,3500,SVaLZ,,#N/A,,
4981,1900,SVaLZ,,#N/A,,
4982,2000,SVaLZ,,#N/A,,
4984,900,SVaLZ,,#N/A,,
4986,3500,SVaLZ,,#N/A,,
4987,250,SVaLZ,,#N/A,,
4990,2500,SVaLZ,,#N/A,,
4991,700,SVaLZ,,#N/A,,
4992,6000,SVaLZ,,#N/A,,
4993,6000,SVaLZ,,#N/A,,
4994,14000,SVaLZ,,#N/A,,
4995,9900,SVaLZ,,#N/A,,
5000,160,SVaLZ,,#N/A,,
5001,400,SVaLZ,,#N/A,,
5002,500,SVaLZ,,#N/A,,
5003,650,SVaLZ,,#N/A,,
5004,100,SVaLZ,,#N/A,,
5010,800,SVaLZ,,#N/A,,
5011,500,SVaLZ,,#N/A,,
5012,300,SVaLZ,,#N/A,,
5015,500,SVaLZ,,#N/A,,
5016,700,SVaLZ,,#N/A,,
5020,650,SVaLZ,,#N/A,,
5021,350,SVaLZ,,#N/A,,
5022,800,SVaLZ,,#N/A,,
5023,300,SVaLZ,,#N/A,,
5024,500,SVaLZ,,#N/A,,
5025,800,SVaLZ,,#N/A,,
5030,700,SVaLZ,,#N/A,,
5031,1300,SVaLZ,,#N/A,,
5032,1300,SVaLZ,,#N/A,,
5033,400,SVaLZ,,#N/A,,
5035,2400,SVaLZ,,#N/A,,
5050,650,SVaLZ,,#N/A,,
5051,500,SVaLZ,,#N/A,,
5052,700,SVaLZ,,#N/A,,
5053,1500,SVaLZ,,#N/A,,
5056,500,SVaLZ,,#N/A,,
5060,500,SVaLZ,,#N/A,,
5061,600,SVaLZ,,#N/A,,
5062,500,SVaLZ,,#N/A,,
5065,800,SVaLZ,,#N/A,,
5070,2200,SVaLZ,,#N/A,,
5071,4500,SVaLZ,,#N/A,,
5072,550,SVaLZ,,#N/A,,
5075,5700,SVaLZ,,#N/A,,
5076,6200,SVaLZ,,#N/A,,
5077,1500,SVaLZ,,#N/A,,
5080,2200,SVaLZ,,#N/A,,
5081,1800,SVaLZ,,#N/A,,
5082,2000,SVaLZ,,#N/A,,
5083,2000,SVaLZ,,#N/A,,
5090,3000,SVaLZ,,#N/A,,
5092,1500,SVaLZ,,#N/A,,
5093,2200,SVaLZ,,#N/A,,
5095,1800,SVaLZ,,#N/A,,
5100,24000,SVaLZ,,#N/A,,
5101,22000,SVaLZ,,#N/A,,
5102,22000,SVaLZ,,#N/A,,
5103,20000,SVaLZ,,#N/A,,
5104,25000,SVaLZ,,#N/A,,
5106,18000,SVaLZ,,#N/A,,
5108,2900,SVaLZ,,#N/A,,
5110,22000,SVaLZ,,#N/A,,
5111,25000,SVaLZ,,#N/A,,
5112,27000,SVaLZ,,#N/A,,
5120,20000,SVaLZ,,#N/A,,
5121,25000,SVaLZ,,#N/A,,
5122,27000,SVaLZ,,#N/A,,
5130,4000,SVaLZ,,#N/A,,
5134,50000,SVaLZ,,#N/A,,
5137,30000,SVaLZ,,#N/A,,
5138,10000,SVaLZ,,#N/A,,
5139,35000,SVaLZ,,#N/A,,
5140,30000,SVaLZ,,#N/A,,
5142,30000,SVaLZ,,#N/A,,
5143,15000,SVaLZ,,#N/A,,
5144,10000,SVaLZ,,#N/A,,
5146,49000,SVaLZ,,#N/A,,
5149,15000,SVaLZ,,#N/A,,
5150,13000,SVaLZ,,#N/A,,
5151,6400,SVaLZ,,#N/A,,
5154,15000,SVaLZ,,#N/A,,
5155,15000,SVaLZ,,#N/A,,
5156,6400,SVaLZ,,#N/A,,
5157,25000,SVaLZ,,#N/A,,
5158,25000,SVaLZ,,#N/A,,
5159,600,SVaLZ,,#N/A,,
5160,700,SVaLZ,,#N/A,,
5161,650,SVaLZ,,#N/A,,
5165,400,SVaLZ,,#N/A,,
5200,15000,SVaLZ,,#N/A,,
5201,14000,SVaLZ,,#N/A,,
5202,18000,SVaLZ,,#N/A,,
5203,18000,SVaLZ,,#N/A,,
5204,16000,SVaLZ,,#N/A,,
5205,3500,SVaLZ,,#N/A,,
5206,20000,SVaLZ,,#N/A,,
5207,8000,SVaLZ,,#N/A,,
5208,15000,SVaLZ,,#N/A,,
5209,30000,SVaLZ,,#N/A,,
5210,8000,SVaLZ,,#N/A,,
5211,20000,SVaLZ,,#N/A,,
5212,20000,SVaLZ,,#N/A,,
5300,1700,SVaLZ,,#N/A,,
5301,600,SVaLZ,,#N/A,,
5302,1000,SVaLZ,,#N/A,,
5303,1000,SVaLZ,,#N/A,,
5304,1200,SVaLZ,,#N/A,,
5305,1200,SVaLZ,,#N/A,,
5306,1100,SVaLZ,,#N/A,,
5307,1000,SVaLZ,,#N/A,,
5308,1500,SVaLZ,,#N/A,,
5309,1200,SVaLZ,,#N/A,,
5310,1400,SVaLZ,,#N/A,,
5311,1400,SVaLZ,,#N/A,,
5312,1000,SVaLZ,,#N/A,,
5313,1400,SVaLZ,,#N/A,,
5314,3500,SVaLZ,,#N/A,,
5315,1000,SVaLZ,,#N/A,,
5316,1500,SVaLZ,,#N/A,,
5317,1500,SVaLZ,,#N/A,,
5318,1000,SVaLZ,,#N/A,,
5330,2200,SVaLZ,,#N/A,,
5331,5400,SVaLZ,,#N/A,,
5332,2000,SVaLZ,,#N/A,,
5333,1000,SVaLZ,,#N/A,,
5400,3500,SVaLZ,,#N/A,,
5401,8000,SVaLZ,,#N/A,,
5402,6000,SVaLZ,,#N/A,,
5405,4000,SVaLZ,,#N/A,,
5406,4500,SVaLZ,,#N/A,,
5407,5000,SVaLZ,,#N/A,,
5410,8300,SVaLZ,,#N/A,,
5411,8000,SVaLZ,,#N/A,,
5413,5000,SVaLZ,,#N/A,,
5414,5000,SVaLZ,,#N/A,,
5415,7000,SVaLZ,,#N/A,,
5416,6000,SVaLZ,,#N/A,,
5417,4000,SVaLZ,,#N/A,,
5418,3200,SVaLZ,,#N/A,,
5419,6300,SVaLZ,,#N/A,,
5420,4200,SVaLZ,,#N/A,,
5421,2500,SVaLZ,,#N/A,,
5425,3500,SVaLZ,,#N/A,,
5426,4000,SVaLZ,,#N/A,,
5427,5600,SVaLZ,,#N/A,,
5430,2600,SVaLZ,,#N/A,,
5431,2500,SVaLZ,,#N/A,,
5432,2500,SVaLZ,,#N/A,,
5433,6000,SVaLZ,,#N/A,,
5434,5500,SVaLZ,,#N/A,,
5435,5700,SVaLZ,,#N/A,,
5439,4000,SVaLZ,,#N/A,,
5440,3600,SVaLZ,,#N/A,,
5442,6500,SVaLZ,,#N/A,,
5445,2000,SVaLZ,,#N/A,,
5446,4500,SVaLZ,,#N/A,,
5447,2000,SVaLZ,,#N/A,,
5448,2500,SVaLZ,,#N/A,,
5449,4000,SVaLZ,,#N/A,,
5450,3500,SVaLZ,,#N/A,,
5451,3400,SVaLZ,,#N/A,,
5452,3600,SVaLZ,,#N/A,,
5453,3500,SVaLZ,,#N/A,,
5454,4200,SVaLZ,,#N/A,,
5458,2000,SVaLZ,,#N/A,,
5459,3000,SVaLZ,,#N/A,,
5460,3500,SVaLZ,,#N/A,,
5461,3800,SVaLZ,,#N/A,,
5462,2100,SVaLZ,,#N/A,,
5463,3600,SVaLZ,,#N/A,,
5464,3100,SVaLZ,,#N/A,,
5470,3500,SVaLZ,,#N/A,,
5471,5900,SVaLZ,,#N/A,,
5472,6500,SVaLZ,,#N/A,,
5473,7000,SVaLZ,,#N/A,,
5474,4800,SVaLZ,,#N/A,,
5475,6000,SVaLZ,,#N/A,,
5476,7000,SVaLZ,,#N/A,,
5477,8000,SVaLZ,,#N/A,,
5478,3000,SVaLZ,,#N/A,,
5479,2800,SVaLZ,,#N/A,,
5480,50000,SVaLZ,,#N/A,,
5481,15000,SVaLZ,,#N/A,,
5485,100,SVaLZ,,#N/A,,
5486,140,SVaLZ,,#N/A,,
5488,350,SVaLZ,,#N/A,,
5489,500,SVaLZ,,#N/A,,
5490,700,SVaLZ,,#N/A,,
5491,900,SVaLZ,,#N/A,,
5492,3600,SVaLZ,,#N/A,,
5493,2500,SVaLZ,,#N/A,,
5494,1500,SVaLZ,,#N/A,,
5495,2100,SVaLZ,,#N/A,,
5496,2800,SVaLZ,,#N/A,,
5497,5000,SVaLZ,,#N/A,,
5500,7000,SVaLZ,,#N/A,,
5502,12500,SVaLZ,,#N/A,,
5503,450,SVaLZ,,#N/A,,
5504,5000,SVaLZ,,#N/A,,
5505,12000,SVaLZ,,#N/A,,
5506,7000,SVaLZ,,#N/A,,
5507,7000,SVaLZ,,#N/A,,
5508,20000,SVaLZ,,#N/A,,
5509,700,SVaLZ,,#N/A,,
5510,680,SVaLZ,,#N/A,,
5511,20000,SVaLZ,,#N/A,,
5600,30000,SVaLZ,,#N/A,,
5605,30000,SVaLZ,,#N/A,,
5610,30000,SVaLZ,,#N/A,,
5611,30000,SVaLZ,,#N/A,,
5612,25000,SVaLZ,,#N/A,,
5613,17000,SVaLZ,,#N/A,,
5700,290,SVaLZ,,#N/A,,
5701,0,SVaLZ,,#N/A,,
5702,550,SVaLZ,,#N/A,,
5703,60,SVaLZ,,#N/A,,
5704,450,SVaLZ,,#N/A,,
5707,650,SVaLZ,,#N/A,,
5708,750,SVaLZ,,#N/A,,
5709,500,SVaLZ,,#N/A,,
5710,220,SVaLZ,,#N/A,,
5711,1500,SVaLZ,,#N/A,,
5712,2200,SVaLZ,,#N/A,,
5713,500,SVaLZ,,#N/A,,
5714,450,SVaLZ,,#N/A,,
5715,750,SVaLZ,,#N/A,,
5716,240,SVaLZ,,#N/A,,
5717,330,SVaLZ,,#N/A,,
5718,180,SVaLZ,,#N/A,,
5719,450,SVaLZ,,#N/A,,
5720,360,SVaLZ,,#N/A,,
5721,130,SVaLZ,,#N/A,,
5722,750,SVaLZ,,#N/A,,
5723,450,SVaLZ,,#N/A,,
5724,600,SVaLZ,,#N/A,,
5725,1200,SVaLZ,,#N/A,,
5727,250,SVaLZ,,#N/A,,
5728,230,SVaLZ,,#N/A,,
5729,300,SVaLZ,,#N/A,,
5730,300,SVaLZ,,#N/A,,
5731,400,SVaLZ,,#N/A,,
5732,500,SVaLZ,,#N/A,,
5734,200,SVaLZ,,#N/A,,
5735,600,SVaLZ,,#N/A,,
5736,200,SVaLZ,,#N/A,,
5737,350,SVaLZ,,#N/A,,
5738,2200,SVaLZ,,#N/A,,
5739,2200,SVaLZ,,#N/A,,
5740,1200,SVaLZ,,#N/A,,
5741,3000,SVaLZ,,#N/A,,
5742,2000,SVaLZ,,#N/A,,
5743,500,SVaLZ,,#N/A,,
5744,1400,SVaLZ,,#N/A,,
5745,1200,SVaLZ,,#N/A,,
5746,1500,SVaLZ,,#N/A,,
5747,1100,SVaLZ,,#N/A,,
5748,1000,SVaLZ,,#N/A,,
5749,1000,SVaLZ,,#N/A,,
5750,2000,SVaLZ,,#N/A,,
5751,400,SVaLZ,,#N/A,,
5752,900,SVaLZ,,#N/A,,
5753,2000,SVaLZ,,#N/A,,
5754,300,SVaLZ,,#N/A,,
5765,150,SVaLZ,,#N/A,,
5766,500,SVaLZ,,#N/A,,
5767,400,SVaLZ,,#N/A,,
5768,1600,SVaLZ,,#N/A,,
5769,1700,SVaLZ,,#N/A,,
5770,1700,SVaLZ,,#N/A,,
5771,700,SVaLZ,,#N/A,,
5772,1100,SVaLZ,,#N/A,,
5773,1400,SVaLZ,,#N/A,,
5774,300,SVaLZ,,#N/A,,
5775,1400,SVaLZ,,#N/A,,
5776,400,SVaLZ,,#N/A,,
5778,600,SVaLZ,,#N/A,,
5779,400,SVaLZ,,#N/A,,
5781,500,SVaLZ,,#N/A,,
5782,650,SVaLZ,,#N/A,,
5783,700,SVaLZ,,#N/A,,
5791,910,SVaLZ,,#N/A,,
5793,1365,SVaLZ,,#N/A,,
5794,1635,SVaLZ,Elektroencefalografické vyšetrenie dieťaťa do 8 roku života vrátane prípadných provokácií. Výkon zahŕňa aj vyhodnotenie a popis.,#N/A,,
5795,1635,SVaLZ,,#N/A,,
5796,1365,SVaLZ,,#N/A,,
5797,160,SVaLZ,,#N/A,,
5799,1090,SVaLZ,,#N/A,,
5801,340,SVaLZ,,#N/A,,
5802,400,SVaLZ,,#N/A,,
5804,3000,SVaLZ,,#N/A,,
5807,700,SVaLZ,,#N/A,,
5808,600,SVaLZ,,#N/A,,
5809,1400,SVaLZ,,#N/A,,
6000,300,SVaLZ,,#N/A,,
6001,1000,SVaLZ,,#N/A,,
6002,1000,SVaLZ,,#N/A,,
6003,400,SVaLZ,,#N/A,,
6010,650,SVaLZ,,#N/A,,
6011,1200,SVaLZ,,#N/A,,
6012,1000,SVaLZ,,#N/A,,
6013,650,SVaLZ,,#N/A,,
6014,1150,SVaLZ,,#N/A,,
6016,1000,SVaLZ,,#N/A,,
6020,650,SVaLZ,,#N/A,,
6025,500,SVaLZ,,#N/A,,
6030,500,SVaLZ,,#N/A,,
6040,650,SVaLZ,,#N/A,,
6050,500,SVaLZ,,#N/A,,
6060,650,SVaLZ,,#N/A,,
6070,650,SVaLZ,,#N/A,,
6080,650,SVaLZ,,#N/A,,
6090,700,SVaLZ,,#N/A,,
7160,100,SVaLZ,,#N/A,,
7161,300,SVaLZ,,#N/A,,
7162,100,SVaLZ,,#N/A,,
7163,160,SVaLZ,,#N/A,,
7164,500,SVaLZ,,#N/A,,
7165,160,SVaLZ,,#N/A,,
7166,160,SVaLZ,,#N/A,,
7167,1600,SVaLZ,,#N/A,,
7168,7500,SVaLZ,,#N/A,,
7169,300,SVaLZ,,#N/A,,
7170,500,SVaLZ,,#N/A,,
7171,500,SVaLZ,,#N/A,,
7172,200,SVaLZ,,#N/A,,
7173,700,SVaLZ,,#N/A,,
7174,5000,SVaLZ,,#N/A,,
7175,1400,SVaLZ,,#N/A,,
7176,550,SVaLZ,,#N/A,,
7177,9000,SVaLZ,,#N/A,,
7178,8600,SVaLZ,,#N/A,,
7179,2300,SVaLZ,,#N/A,,
7180,7600,SVaLZ,,#N/A,,
7181,1500,SVaLZ,,#N/A,,
7182,1200,SVaLZ,,#N/A,,
7183,800,SVaLZ,,#N/A,,
7184,800,SVaLZ,,#N/A,,
7185,2300,SVaLZ,,#N/A,,
7186,500,SVaLZ,,#N/A,,
7187,800,SVaLZ,,#N/A,,
8001,0,SVaLZ,,#N/A,,
8002,0,SVaLZ,,#N/A,,
8003,0,SVaLZ,,#N/A,,
8004,0,SVaLZ,,#N/A,,
8005,0,SVaLZ,,#N/A,,
8006,0,SVaLZ,,#N/A,,
8007,0,SVaLZ,,#N/A,,
8008,0,SVaLZ,,#N/A,,
8009,0,SVaLZ,,#N/A,,
8010,0,SVaLZ,,#N/A,,
8011,0,SVaLZ,,#N/A,,
8012,0,SVaLZ,,#N/A,,
8013,0,SVaLZ,,#N/A,,
8014,0,SVaLZ,,#N/A,,
8015,0,SVaLZ,,#N/A,,
8016,0,SVaLZ,,#N/A,,
8017,0,SVaLZ,,#N/A,,
8018,0,SVaLZ,,#N/A,,
8019,0,SVaLZ,,#N/A,,
8020A,0,SVaLZ,,#N/A,,
8020B,0,SVaLZ,,#N/A,,
8021A,0,SVaLZ,,#N/A,,
8021B,0,SVaLZ,,#N/A,,
8021C,0,SVaLZ,,#N/A,,
8022A,0,SVaLZ,,#N/A,,
8022B,0,SVaLZ,,#N/A,,
8022C,0,SVaLZ,,#N/A,,
8023A,0,SVaLZ,,#N/A,,
8023B,0,SVaLZ,,#N/A,,
8023C,0,SVaLZ,,#N/A,,
8024A,0,SVaLZ,,#N/A,,
8024C,0,SVaLZ,,#N/A,,
8025A,0,SVaLZ,,#N/A,,
8026A,0,SVaLZ,,#N/A,,
8027A,0,SVaLZ,,#N/A,,
8027B,0,SVaLZ,,#N/A,,
8027C,0,SVaLZ,,#N/A,,
8028A,0,SVaLZ,,#N/A,,
8029A,0,SVaLZ,,#N/A,,
8029C,0,SVaLZ,,#N/A,,
8030A,0,SVaLZ,,#N/A,,
8031A,0,SVaLZ,,#N/A,,
8031B,0,SVaLZ,,#N/A,,
8031C,0,SVaLZ,,#N/A,,
8032A,0,SVaLZ,,#N/A,,
8032B,0,SVaLZ,,#N/A,,
8032C,0,SVaLZ,,#N/A,,
8033A,0,SVaLZ,,#N/A,,
8033B,0,SVaLZ,,#N/A,,
8034A,0,SVaLZ,,#N/A,,
8034B,0,SVaLZ,,#N/A,,
8034C,0,SVaLZ,,#N/A,,
8035A,0,SVaLZ,,#N/A,,
8035B,0,SVaLZ,,#N/A,,
8035C,0,SVaLZ,,#N/A,,
8036A,0,SVaLZ,,#N/A,,
8036B,0,SVaLZ,,#N/A,,
8036C,0,SVaLZ,,#N/A,,
8037A,0,SVaLZ,,#N/A,,
8037B,0,SVaLZ,,#N/A,,
8038A,0,SVaLZ,,#N/A,,
8039,0,SVaLZ,,#N/A,,
8039A,0,SVaLZ,,#N/A,,
8040,0,SVaLZ,,#N/A,,
8041A,0,SVaLZ,,#N/A,,
8501,0,,Operácie jednoduchých prietrží,#N/A,,
8502,0,,Transrektálna polypektómia,#N/A,,
8506,0,,Operácia subakromiálneho impigment syndrómu -len artroskoicky,#N/A,,
8507,0,,Operácia poúrazovej paraartikulárnej burzitídy vo všetkých lokalizáciách,#N/A,,
8509,0,,Oeračná dynamizácia vnútrodreňových klincov,#N/A,,
8510,0,,Operačná repozícia jednoduchých zlomemín v celkovej anestéze,#N/A,,
8511,0,,Operačné riešenie pollex saltans,#N/A,,
8512,0,,Operačné riešenie fractura metacarpi,#N/A,,
8513,0,,Operačné riešenie epicondylitis radialis,#N/A,,
8514,0,,Operačné riešenie epicondylitis ulnaris,#N/A,,
8516,0,,Operačné riešenie fractura capitis radii,#N/A,,
8517,0,,Operačné riešenie synovitis cubiti,#N/A,,
8521,0,,Operačné riešenie decompresio subacromialis,#N/A,,
8525,0,,Operačné riešenie hallux valgus,#N/A,,
8527,0,,Operačné riešenie digitus hammatus,#N/A,,
8528,0,,Operačné riešenie digitus malleus,#N/A,,
8529,0,,Operačné riešenie digitus supraductus,#N/A,,
8530,0,,Operačné riešenie metetarsus I.varus,#N/A,,
8532,0,,Operačné riešenie neuralgie Mortoni,#N/A,,
8533,0,,Artroskopické výkony v lakťovom zhybe,#N/A,,
8534,0,,Artroskopické výkony v ramennom zhybe,#N/A,,
8535,0,,Artroskopické výkony v kolennom zhybe,#N/A,,
8536,0,,Artorskopické výkony v členkovom zhybe,#N/A,,
8537,0,,Operačná extrakcia malého osteosyntetického materiálu a vonkajších fixátorov,#N/A,,
8610,0,,Gynekologické vyšetrenie v narkóze,#N/A,,
8611,0,,Konizácia cervixu,#N/A,,
8612,0,,Excísia vulvy,#N/A,,
8613,0,,Operácia cýst glandulae vestibularis - Bartolinskej žlazy,#N/A,,
8614,0,,Kordocentéza,#N/A,,
8615,0,,Amnioinfúzia,#N/A,,
8616,0,,Punkcia ovariálnych cýst,#N/A,,
8617,0,,Hysterosonosalpingografia,#N/A,,
8618,0,,Punkcia ovária,#N/A,,
8619,0,,Resekcia vaginálneho septa,#N/A,,
8620,0,,Hysteroskopia diagnostická a operačná,#N/A,,
8621,0,,Transcervikálna resekcia uterinného septa,#N/A,,
8622,0,,Diagnostická laparoskopia,#N/A,,
8623,0,,Sterilizácia,#N/A,,
8624,0,,Rozrušenie rastov,#N/A,,
8625,0,,Salpingostómia,#N/A,,
8626,0,,Salpingektómia,#N/A,,
8627,0,,Ovariálna cystektómia,#N/A,,
8628,0,,Oophorektómia,#N/A,,
8629,0,,Ablácia endometrických ložísk,#N/A,,
8630,0,,Colpoperineoplastica,#N/A,,
8631,0,,Uretrálna suspenzia (so suburetrálnou páskou na liečbu stresovej inkontinencie),#N/A,,
8700,0,,Operácia strabizmu šikmé svaly 1/2,#N/A,,
8701,0,,Plastické operácie na mihalniciach,#N/A,,
8706,0,,Operácie glaukómov-mimo laserových-2217/1359,#N/A,,
8800,0,,Endoskopická adenotómia,#N/A,,
8801,0,,Tosilectomia,#N/A,,
8802,0,,Tonsilotomia,#N/A,,
8803,0,,Uvuloplastika,#N/A,,
8804,0,,Plastika oroantrálnej komunikácie,#N/A,,
8805,0,,Extrakcia kameňa submandib.žľazy,#N/A,,
8806,0,,Extrakcia subling.slinnej žľazy,#N/A,,
8807,0,,Extrakcia submandibul.slinnej žľazy,#N/A,,
8808,0,,Extirpácia príušnej žľazy,#N/A,,
8809,0,,Endoskopická chordektómia,#N/A,,
8810,0,,Endoskopická laterofixácia,#N/A,,
8811,0,,Arytenoidectomia,#N/A,,
8812,0,,Mediopozícia hlasivky vonk.prístupom,#N/A,,
8813,0,,Extirp.med.krčnej cysty,#N/A,,
8814,0,,Extirp.later.krčnej cysty,#N/A,,
8815,0,,Turbinoplastika,#N/A,,
8816,0,,Dakryocystorinoskopia,#N/A,,
8817,0,,Pansinus operácia,#N/A,,
8819,0,,Operácia stenózy zvukovodu (nie je správny názov : exostózy vonkajšieho zvukovodu),#N/A,,
8820,0,,Myringoplastika,#N/A,,
8821,0,,Tympanoplastika,#N/A,,
8822,0,,Tympanoplastika bez protézky,#N/A,,
8823,0,,Stapedoplastika,#N/A,,
8824,0,,Sanačná operácia stredného ucha,#N/A,,
8899,0,,Jeden ošetrovací deň v stacionári,#N/A,,
8900,0,,Orchiektómia pri atrofickom semenníku,#N/A,,
8901,0,,Orchiektómia pre karcinóm prostaty,#N/A,,
8902,0,,Resekcia kondylomat na penise,#N/A,,
8903,0,,Orchiopexia retinovaného hmatného semennka (nie pri kryptorchizme),#N/A,,
8905,0,,Zavedenie uretrálnej endoprotézy,#N/A,,
8906,0,,Perkutánna nefrostómia,#N/A,,
8907,0,,Extrakorporálna litotrypsia,#N/A,,
8908,0,,Uretrálna suspenzia (so suburetrálnou páskou na liečenie stresovej inkontinencie),#N/A,,
9000,0,,Artroskopická operácia temporomandibulárnych kĺbov,#N/A,,
9005,0,,Operačná extrakcia viacerých retinovaných zubov,#N/A,,
9007,0,,Operačná replantácia zubov,#N/A,,
9017,0,,Operačná elevácia zygomatickomaxillárneho komplexu v celkovej anestéze,#N/A,,
9100,0,,Endoskopické vyšetrenie v celkovej anestézii,#N/A,,
9101,0,,Aplikácia stentov (výstuží) v tráviacom trakte pod endoskopickou alebo rtg kontrolou,#N/A,,
9952,0,,Liquid based cytology,#N/A,,
44363,900,SVaLZ,"Chlamydia spp. IV., IgM protilátky",#N/A,,
44364,900,SVaLZ,"Chlamydia spp. VI., IgA protilátky - kvantitatívne stanovenie.",#N/A,,
44583,900,SVaLZ,"Reumatoidný faktor (RF), skríning",#N/A,,
1084a,500,,,74,1084a,
1091a,150,,,75,1091a,
10a,180,,,110,10a,
10b,180,,,109,10b,
10c,180,,,125,10c,
10d,180,,,198,10d,
10e,180,,,94,10e,
10f,180,,,97,10f,
1192a,10200,,,82,1192a,
1192b,48630,,,83,1192b,
1192c,65200,,,84,1192c,
1205R,45,,Visus,#N/A,#N/A,
1227R,320,,Perimeter,#N/A,#N/A,
1246a,200,,,148,1246a,
1255R,55,,tonometria,#N/A,#N/A,
1265a,200,,,149,1265a,
1273a,80,,,150,1273a,
1273b,30,,,151,1273b,
1275a,100,,,152,1275a,
1275b,80,,,153,1275b,
1275c,100,,,154,1275c,
12b,300,,,98,12b,
12d,60,,,72,12d,
12e,300,,,177,12e,
1401a,300,,,156,1401a,
1405a,100,,,157,1405a,
143a,350,,,14,143a,
1451c,200,,,158,1451c,
145a,370,,,15,145a,
146a,370,,,16,146a,
146b,370,,,17,146b,
146c,370,,,18,146c,
1470a,200,,,159,1470a,
1474e,800,,,160,1474e,
1474f,2000,,,161,1474f,
1480a,300,,,162,1480a,
148a,370,,,19,148a,
148b,390,,,20,148b,
148c,390,,,21,148c,
149a,390,,,22,149a,
149b,390,,,23,149b,
149c,390,,,24,149c,
149d,390,,,25,149d,
149e,390,,,26,149e,
149f,390,,,27,149f,
1502a,80,,,163,1502a,
1523a,800,,,164,1523a,
1523b,800,,,165,1523b,
1531a,320,,,166,1531a,
1531b,280,,,167,1531b,
1535b,100,,,168,1535b,
1544a,200,,,169,1544a,
1586a,400,,,170,1586a,
158A,170,,"Preventívna urologická prehliadka u mužov od 40. roku veku s výskytom karcinómu prostaty v prvostupňovom príbuzenstve, výkon sa vykazuje v odbornosti 012 s diagnózou Z12.5",#N/A,#N/A,
158B,170,,"Preventívna urologická prehliadka u mužov nad 40 rokov veku s hodnotami PSA <= 1.0 ng/ ml v prípade výskytu karcinómu prostaty v prvostupňovom príbuzenstve, výkon sa vykazuie v odbornosti 012 s diagnózou Z12.5",#N/A,#N/A,
158C,170,,"Preventívna urologická prehliadka u mužov nad 40 rokov veku s hodnotami PSA 1,1 ng/ ml - 2,5 ng/ ml v prípade výskytu karcinómu prostaty v prvostupňovom príbuzenstve, výkon sa vykazuje v odbornosti 012 s diagnózou Z12.5",#N/A,#N/A,
158D,170,,"Preventivna urologická prehliadka u mužov nad 40 rokov veku s hodnotami PSA 2,6 ng/ ml - 4,0 ng/ ml v prípade výskytu karcinómu prostaty v prvostupňovom príbuzenstve, výkon sa vykazuje v odbornosti 012 s diaqnózou Z12.5",#N/A,#N/A,
1591a,350,,,171,1591a,
1591R,300,,Audiometria,#N/A,#N/A,
1595a,350,,,172,1595a,
1599a,450,,,173,1599a,
1599b,350,,,174,1599b,
1599c,500,,,175,1599c,
159a,180,,,28,159a,
159b,100,,,29,159b,
159c,320,,Vyšetrenie na včasnú diagnostiku rakoviny prostaty.,176,159c,
159x,180,,Výsledok TOKS neznámy (nevrátený alebo znehodnotený test),585,159x,
159z,180,,Výsledok TOKS negatívny,584,159z,
15a,60,,,5,15a,
15b,120,,,#N/A,#N/A,
15BR,120,,Zhodnotenie výsledkov a záver,#N/A,#N/A,
15c,100,,,6,15c,
15d,150,,,570,15d,
15du,150,,Popis RTG natívnej snímky vykonaný lekárom špecialistom,571,15du,
15e,800,,,127,15e,
15f,150,,,95,15f,
15g,60,,,134,15g,
15P,100,,"Zhotovenie EKG záznamu (PLD, pre VšZP)",#N/A,#N/A,
15V,0,,"Zaradenie do programu, činnosti  E-c)",#N/A,#N/A,
15X,0,,Posúdenie poistenca pred zaradením do programu,#N/A,#N/A,
15Y,0,,"Zaradenie do programu, činnosti  C, D, E-a)",#N/A,#N/A,
15Z,0,,"Zaradenie do programu, činnosti  C, D, E-b)",#N/A,#N/A,
160a,390,,,30,160a,
160b,390,,,31,160b,
160c,390,,,32,160c,
160d,390,,,33,160d,
160f,390,,,34,160f,
160g,500,,,35,160g,
160h,390,,,36,160h,
160R,350,,Komplexné vyšetrenie,#N/A,#N/A,
163B,200,,,#N/A,#N/A,
164a,200,,,37,164a,
168a,130,,,76,168a,
168b,520,,,77,168b,
168c,80,,,78,168c,
168d,60,,,79,168d,
169a,80,,,80,169a,
180a,330,,,81,180a,
190a,330,,,85,190a,
1a,0,,Management poistenca vrátane objednávania na určitý čas,572,1a,
2011a,150,,,178,2011a,
2012a,100,,,179,2012a,
2013a,350,,,180,2013a,
2015a,200,,,181,2015a,
2015b,300,,,182,2015b,
2018a,400,,,183,2018a,
2019a,100,,,184,2019a,
2019b,200,,,185,2019b,
2019c,500,,,186,2019c,
207a,120,,,38,207a,
213a,240,,,39,213a,
2141a,110,,,102,2141a,
217a,80,,,40,217a,
250a,80,,,41,250a,
250AR,150,,Odber krvi venepunkciou,#N/A,#N/A,
250b,150,,,42,250b,
250c,160,,,43,250c,
250d,160,SVaLZ,,224,250d,
250e,270,SVaLZ,,225,250e,
250f,320,SVaLZ,,226,250f,
250X,147,,Odber venóznej krvi za účelom vyšetrenia laboratórnych parametrov (VšZP),#N/A,#N/A,
251a,115,,,44,251a,
251b,140,SVaLZ,,227,251b,
251c,210,SVaLZ,,228,251c,
252a,30,,,45,252a,
252b,70,,Očkovanie.,46,252b,
252BR,70,,Očkovanie,#N/A,#N/A,
252C,70,,Očkovanie proti chrípke,#N/A,#N/A,
252S,70,,Očkovanie proti prasacej chrípke,#N/A,#N/A,
253a,2000,,,91,253a,
253b,4000,,,92,253b,
258a,110,SVaLZ,,229,258a,
25a,200,,,99,25a,
260a,150,,,#N/A,#N/A,
2800b,1000,,,187,2800b,
2812o,450,,,188,2812o,
285a,160,,,573,285a,
297A,50,,,#N/A,#N/A,
297B,50,,,#N/A,#N/A,
298a,150,SVaLZ,,230,298a,
299a,60,,,#N/A,#N/A,
299b,100,,,#N/A,#N/A,
299C,100,,,#N/A,#N/A,
299d,180,SVaLZ,,231,299d,
3002a,380,,,189,3002a,
3005a,50,,,190,3005a,
3008a,120,,,191,3008a,
3009a,200,,,192,3009a,
3009b,150,,,193,3009b,
303a,350,,"Punkcia cysty, ganglia, serómu, hygrómu, hematómu alebo abscesu.",47,303a,
307a,3300,,,112,307a,
3096a,140,,,194,3096a,
311a,2000,,,48,311a,
3121a,420,,,195,3121a,
3122a,290,,,196,3122a,
3122b,720,,,197,3122b,
315A,500,,,#N/A,#N/A,
315b,2000,,,128,315b,
315c,5600,,,129,315c,
315d,40000,,,130,315d,
315e,40000,,,131,315e,
315f,50000,,,132,315f,
315g,12000,,,133,315g,
3262a,1500,SVaLZ,,543,3262a,
3262b,700,SVaLZ,,544,3262b,
3262c,700,SVaLZ,,545,3262c,
3266a,200,SVaLZ,Príplatok k výkonu pod kódom 3265 pri ožarovaní za každé pole pri použití MLC,546,3266a,
3267a,200,SVaLZ,,547,3267a,
3268a,1200,SVaLZ,,548,3268a,
3270a,10000,SVaLZ,,549,3270a,
3275a,500,SVaLZ,,550,3275a,
3275b,1000,SVaLZ,,551,3275b,
3275c,300,SVaLZ,,552,3275c,
3280a,5000,SVaLZ,,553,3280a,
3285a,1000,SVaLZ,,554,3285a,
3286a,2000,SVaLZ,,555,3286a,
3390a,200,,,103,3390a,
3392a,100,,,202,3392a,
3392c,300,,,203,3392c,
3399a,200,,,204,3399a,
3399b,100,,,205,3399b,
3399c,100,,,206,3399c,
3399d,150,,,207,3399d,
3401a,200,,,208,3401a,
3401b,70,,,209,3401b,
3405a,160,,,210,3405a,
3411a,100,,,211,3411a,
3413a,50,,,212,3413a,
3420a,60,,,213,3420a,
3422a,150,,,214,3422a,
3422b,250,,,215,3422b,
3422c,350,,,216,3422c,
3423a,150,,,217,3423a,
3423b,250,,,218,3423b,
3423c,100,,,219,3423c,
3454a,50,,,104,3454a,
3459a,250,,,220,3459a,
3476a,100,,,222,3476a,
3476b,100,,,223,3476b,
3525R,50,,Moč chemicky,#N/A,#N/A,
3541a,1600,SVaLZ,,232,3541a,
3589a,100,SVaLZ,,233,3589a,
3592R,50,,FW,#N/A,#N/A,
3612a,600,SVaLZ,,234,3612a,
3635a,60,,,221,3635a,
3671R,40,,Glukóza,#N/A,#N/A,
3674a,180,SVaLZ,,235,3674a,
3674R,180,,Cholesterol,#N/A,#N/A,
3675a,180,SVaLZ,,236,3675a,
3676a,180,SVaLZ,,237,3676a,
3677a,180,SVaLZ,,238,3677a,
3678a,180,SVaLZ,,239,3678a,
3679a,180,SVaLZ,,240,3679a,
3679R,60,,Kreatinín,#N/A,#N/A,
3680a,100,SVaLZ,,241,3680a,
3693R,60,,GMT,#N/A,#N/A,
3694a,200,SVaLZ,,242,3694a,
3695a,250,SVaLZ,,243,3695a,
3695b,120,SVaLZ,,586,3695b,
3709a,200,SVaLZ,,244,3709a,
3710a,180,SVaLZ,,245,3710a,
3784R,125,,Krvný obraz,#N/A,#N/A,
3861b,500,SVaLZ,,246,3861b,
3861c,500,SVaLZ,,247,3861c,
3861d,500,SVaLZ,,248,3861d,
3861e,200,SVaLZ,,249,3861e,
3861f,600,SVaLZ,,250,3861f,
3861g,500,SVaLZ,,251,3861g,
3864a,1000,SVaLZ,,252,3864a,
3864b,1200,SVaLZ,,253,3864b,
3864c,800,SVaLZ,,254,3864c,
3946a,500,SVaLZ,,255,3946a,
3946b,600,SVaLZ,,256,3946b,
3949a,500,SVaLZ,,257,3949a,
3950a,600,SVaLZ,,258,3950a,
3950b,400,SVaLZ,,259,3950b,
3951a,600,SVaLZ,,260,3951a,
3954a,3000,SVaLZ,,261,3954a,
3954b,1200,SVaLZ,,262,3954b,
3954c,1200,SVaLZ,,263,3954c,
3954d,1200,SVaLZ,,264,3954d,
3954e,1500,SVaLZ,,265,3954e,
3960a,500,SVaLZ,,266,3960a,
3960b,300,SVaLZ,,267,3960b,
3960c,300,SVaLZ,,268,3960c,
3972a,400,SVaLZ,,269,3972a,
3973a,400,SVaLZ,,270,3973a,
3976a,1000,SVaLZ,,271,3976a,
3976b,1000,SVaLZ,,272,3976b,
3977a,1000,SVaLZ,,273,3977a,
3978a,1000,SVaLZ,,274,3978a,
3979a,1000,SVaLZ,,275,3979a,
3980a,1000,SVaLZ,,276,3980a,
3982a,1000,SVaLZ,,277,3982a,
3982b,500,SVaLZ,,278,3982b,
3982c,300,SVaLZ,,279,3982c,
3984a,800,SVaLZ,,280,3984a,
3985a,500,SVaLZ,,281,3985a,
3986a,500,SVaLZ,,282,3986a,
3987a,1000,SVaLZ,,283,3987a,
3988a,500,SVaLZ,,284,3988a,
4033a,250,SVaLZ,,285,4033a,
4055a,250,SVaLZ,,286,4055a,
4070a,1200,SVaLZ,,287,4070a,
4070b,1750,SVaLZ,,288,4070b,
4235a,1000,SVaLZ,,289,4235a,
4235b,1000,SVaLZ,,290,4235b,
4235c,1000,SVaLZ,,291,4235c,
4243a,300,SVaLZ,,292,4243a,
4247a,200,SVaLZ,,293,4247a,
4355b,850,SVaLZ,,294,4355b,
4390a,20000,SVaLZ,,295,4390a,
4463a,800,SVaLZ,,296,4463a,
4465a,1000,SVaLZ,,297,4465a,
4465b,1000,SVaLZ,,298,4465b,
4475a,1000,SVaLZ,,299,4475a,
4475b,1500,SVaLZ,,300,4475b,
4475c,1500,SVaLZ,,301,4475c,
4475d,1000,SVaLZ,,302,4475d,
44a,800,,,7,44a,
44b,600,,,200,44b,
44c,600,,,201,44c,
44d,600,,,199,44d,
4571A,380,,CRP pre ZP Union,#N/A,#N/A,
4587a,500,SVaLZ,,303,4587a,
4588a,3000,SVaLZ,,304,4588a,
4589a,200,SVaLZ,,305,4589a,
4589b,900,SVaLZ,,306,4589b,
4645a,1400,SVaLZ,,307,4645a,
4650a,500,SVaLZ,,308,4650a,
4650b,500,SVaLZ,,309,4650b,
4650c,500,SVaLZ,,310,4650c,
4651a,500,SVaLZ,,311,4651a,
4651b,500,SVaLZ,,312,4651b,
4651c,500,SVaLZ,,313,4651c,
4653a,750,SVaLZ,,314,4653a,
4654a,750,SVaLZ,,315,4654a,
4655a,500,SVaLZ,,316,4655a,
4655b,500,SVaLZ,,317,4655b,
4655c,500,SVaLZ,,318,4655c,
4657a,300,SVaLZ,,319,4657a,
4658a,1000,SVaLZ,,320,4658a,
4660a,1000,SVaLZ,,321,4660a,
4660b,1000,SVaLZ,,322,4660b,
4660c,800,SVaLZ,,323,4660c,
4660d,800,SVaLZ,,324,4660d,
4660e,1000,SVaLZ,,325,4660e,
4660f,500,SVaLZ,,326,4660f,
4661a,400,SVaLZ,,327,4661a,
4680a,1400,SVaLZ,,328,4680a,
4681a,200,SVaLZ,,329,4681a,
4686a,3000,SVaLZ,,330,4686a,
4693a,2000,SVaLZ,,331,4693a,
4693b,1000,SVaLZ,,332,4693b,
4699a,1500,SVaLZ,,333,4699a,
4699b,30000,SVaLZ,,334,4699b,
4701a,250,SVaLZ,,335,4701a,
4701b,400,SVaLZ,,336,4701b,
4701c,200,SVaLZ,,337,4701c,
4701d,250,SVaLZ,,338,4701d,
4701f,200,SVaLZ,,339,4701f,
4703a,250,SVaLZ,,340,4703a,
4703b,3000,SVaLZ,,341,4703b,
4704a,350,SVaLZ,Priamy AGH test stĺpcovou aglutináciou za každé antisérum,342,4704a,
4704b,1600,SVaLZ,Priamy AGH test stanovenie podtried IgG stĺpcovou aglutináciou,343,4704b,
4710a,150,SVaLZ,,344,4710a,
4711a,400,SVaLZ,Skríning protilátok nepriamym AGH testom stĺpcovou aglutináciou,345,4711a,
4712a,1900,SVaLZ,Identifikácia antierytrocytových protilátok stĺpcovou aglutináciou,346,4712a,
4714a,200,SVaLZ,,347,4714a,
4731a,700,SVaLZ,,348,4731a,
4731b,1200,SVaLZ,,349,4731b,
4731c,1200,SVaLZ,,350,4731c,
4731d,1200,SVaLZ,,351,4731d,
4736a,200,SVaLZ,Vyšetrenie kompatibility transfúzneho prípravku obsahujúceho erytrocyty stĺpcovou aglutináciou,352,4736a,
4750a,350,SVaLZ,,353,4750a,
4753a,400,SVaLZ,,354,4753a,
4776a,750,SVaLZ,,355,4776a,
4778a,800,SVaLZ,,356,4778a,
4778b,900,SVaLZ,,357,4778b,
4781a,1100,SVaLZ,,358,4781a,
4781b,2000,SVaLZ,,359,4781b,
4781c,2000,SVaLZ,,360,4781c,
4781d,500,SVaLZ,,361,4781d,
4781e,3000,SVaLZ,,362,4781e,
4781f,3500,SVaLZ,,363,4781f,
4789a,500,SVaLZ,,364,4789a,
4789b,200,SVaLZ,,365,4789b,
4789c,200,SVaLZ,,366,4789c,
4789d,250,SVaLZ,,367,4789d,
4789e,250,SVaLZ,,368,4789e,
4789f,300,SVaLZ,,369,4789f,
4789g,250,SVaLZ,,370,4789g,
4789h,180,SVaLZ,,371,4789h,
4789i,300,SVaLZ,,372,4789i,
4789j,1200,SVaLZ,,373,4789j,
4789k,350,SVaLZ,,374,4789k,
4789l,400,SVaLZ,,375,4789l,
4789m,450,SVaLZ,,376,4789m,
4789n,1000,SVaLZ,,377,4789n,
4789o,350,SVaLZ,,378,4789o,
4789p,350,SVaLZ,,379,4789p,
4789r,2500,SVaLZ,,380,4789r,
4801a,200,SVaLZ,,381,4801a,
4807a,700,SVaLZ,,382,4807a,
4807b,800,SVaLZ,,383,4807b,
4807c,800,SVaLZ,,384,4807c,
4807d,0,SVaLZ,,385,4807d,
4807e,1200,SVaLZ,,386,4807e,
4807g,1500,SVaLZ,,387,4807g,
4807h,1500,SVaLZ,,388,4807h,
4877a,180,SVaLZ,,389,4877a,
4877b,100,SVaLZ,,390,4877b,
4879a,400,SVaLZ,,391,4879a,
4879b,150,SVaLZ,,392,4879b,
4879c,400,SVaLZ,,393,4879c,
4879d,500,SVaLZ,,394,4879d,
4879e,300,SVaLZ,,395,4879e,
4879f,500,SVaLZ,,396,4879f,
4879g,300,SVaLZ,,397,4879g,
4879h,400,SVaLZ,,398,4879h,
4879i,600,SVaLZ,,399,4879i,
4879j,120,SVaLZ,,400,4879j,
4891a,800,SVaLZ,,401,4891a,
4892a,1200,SVaLZ,,402,4892a,
4892b,1200,SVaLZ,,403,4892b,
4892c,1750,SVaLZ,,404,4892c,
4893a,1500,SVaLZ,,405,4893a,
4894a,1300,SVaLZ,,406,4894a,
4895a,1375,SVaLZ,,407,4895a,
4896a,1850,SVaLZ,,408,4896a,
4897a,1375,SVaLZ,,409,4897a,
4898a,1900,SVaLZ,,410,4898a,
4898b,2000,SVaLZ,,411,4898b,
4899a,1850,SVaLZ,,412,4899a,
4899b,220,SVaLZ,,413,4899b,
4899c,220,SVaLZ,,414,4899c,
4899d,220,SVaLZ,,415,4899d,
4911a,4500,SVaLZ,,416,4911a,
4919a,1700,SVaLZ,,417,4919a,
4919b,3050,SVaLZ,,418,4919b,
4980a,2000,SVaLZ,,419,4980a,
4986a,1600,SVaLZ,,420,4986a,
4a,80,,,4,4a,
5022R,800,,RTG ramenných kľbov,#N/A,#N/A,
5029b,500,SVaLZ,,422,5029b,
503a,80,SVaLZ,,556,503a,
504a,540,SVaLZ,,557,504a,
5051R,500,,Hrudné orgány- Rtg pľúc,#N/A,#N/A,
5092a,800,SVaLZ,,421,5092a,
5092c,1500,SVaLZ,,423,5092c,
509a,220,SVaLZ,,558,509a,
510a,150,SVaLZ,,559,510a,
511a,350,SVaLZ,,560,511a,
5131a,32000,SVaLZ,,424,5131a,
5131b,32000,SVaLZ,,425,5131b,
5131c,32000,SVaLZ,,426,5131c,
5131d,32000,SVaLZ,,427,5131d,
5131e,32000,SVaLZ,,428,5131e,
5131f,40000,SVaLZ,,429,5131f,
5131g,40000,SVaLZ,,430,5131g,
5131h,40000,SVaLZ,,431,5131h,
5131i,40000,SVaLZ,,432,5131i,
5131j,40000,SVaLZ,,433,5131j,
5131k,42000,SVaLZ,,434,5131k,
5135a,32000,SVaLZ,,435,5135a,
5135b,40000,SVaLZ,,436,5135b,
5136a,30000,SVaLZ,,437,5136a,
5136b,40000,SVaLZ,,438,5136b,
5139a,15000,SVaLZ,,439,5139a,
5139b,50000,SVaLZ,,440,5139b,
5139c,45000,SVaLZ,,441,5139c,
5139d,40000,SVaLZ,,442,5139d,
5139e,30000,SVaLZ,,443,5139e,
5139f,45000,SVaLZ,,444,5139f,
5139g,15000,SVaLZ,,446,5139g,
5139h,10000,SVaLZ,,445,5139h,
5140a,40000,SVaLZ,,447,5140a,
5140b,42000,SVaLZ,,448,5140b,
5140c,35000,SVaLZ,,449,5140c,
5140d,35000,SVaLZ,,450,5140d,
5140e,35000,SVaLZ,,451,5140e,
5141a,30000,SVaLZ,,452,5141a,
5143a,15000,SVaLZ,,453,5143a,
5143b,20000,SVaLZ,,454,5143b,
5145a,55000,SVaLZ,,455,5145a,
5145b,55000,SVaLZ,,456,5145b,
5145c,60000,SVaLZ,,457,5145c,
5145d,50000,SVaLZ,,458,5145d,
5146a,30000,SVaLZ,,459,5146a,
5147a,50000,SVaLZ,,460,5147a,
5147b,40000,SVaLZ,,461,5147b,
5147c,40000,SVaLZ,,462,5147c,
5147d,35000,SVaLZ,,463,5147d,
5147e,40000,SVaLZ,,464,5147e,
5147f,20000,SVaLZ,,465,5147f,
5148a,13000,SVaLZ,,466,5148a,
5148b,20000,SVaLZ,,467,5148b,
5148c,30000,SVaLZ,,468,5148c,
5148d,25000,SVaLZ,,469,5148d,
5148e,30000,SVaLZ,,470,5148e,
5148f,25000,SVaLZ,,471,5148f,
5148g,70000,SVaLZ,,472,5148g,
5149a,16000,SVaLZ,,473,5149a,
5149b,20000,SVaLZ,,474,5149b,
514a,450,SVaLZ,,561,514a,
5150a,10000,SVaLZ,,475,5150a,
5151a,8000,SVaLZ,,476,5151a,
5152a,10000,SVaLZ,,477,5152a,
5152b,10000,SVaLZ,,478,5152b,
5152c,10000,SVaLZ,,479,5152c,
5152d,12000,SVaLZ,,480,5152d,
5152e,10000,SVaLZ,,481,5152e,
5153a,5000,SVaLZ,,482,5153a,
5153b,4000,SVaLZ,,483,5153b,
5154a,25000,SVaLZ,,484,5154a,
5156a,25000,SVaLZ,,485,5156a,
5157a,20000,SVaLZ,,486,5157a,
5158a,25000,SVaLZ,,487,5158a,
5158b,20000,SVaLZ,,569,5158b,
5158c,20000,SVaLZ,,488,5158c,
5204a,36000,SVaLZ,,489,5204a,
5204b,54000,SVaLZ,,490,5204b,
5204c,40000,SVaLZ,,491,5204c,
5204d,10000,SVaLZ,,492,5204d,
5204e,13000,SVaLZ,,493,5204e,
5206a,7000,SVaLZ,,494,5206a,
5206b,15000,SVaLZ,,495,5206b,
5207a,12000,SVaLZ,,496,5207a,
5212a,20000,SVaLZ,,497,5212a,
523a,145,SVaLZ,,562,523a,
5307a,800,SVaLZ,,498,5307a,
5309a,200,SVaLZ,,499,5309a,
5309b,300,SVaLZ,,500,5309b,
533a,450,SVaLZ,"""s",563,533a,
5401a,8000,SVaLZ,,517,5401a,
5402a,3500,SVaLZ,,518,5402a,
5411a,10000,SVaLZ,,519,5411a,
5435a,8000,SVaLZ,,520,5435a,
544A,,!,,#N/A,#N/A,
544A.A,80,,"Liečba chladom  II. Ochladzovanie jednej  časti tela lokálnym použitím (10-krát). a) ľadu, gélu ",#N/A,#N/A,
544A.B,100,,Liečba chladom  II. Ochladzovanie jednej  časti tela lokálnym použitím (10-krát). b) plynom,#N/A,#N/A,
5450a,5000,SVaLZ,,2,5450a,
546,,!,,#N/A,#N/A,
546.A,100,,"Liečba   chladom  II.  Ochladzovanie  trupu  alebo viacerých častí tela použitím a) ľadu, gélu",#N/A,#N/A,
546.B,180,,Liečba   chladom  II.  Ochladzovanie  trupu  alebo viacerých častí tela použitím b) plynu,#N/A,#N/A,
5472a,6500,SVaLZ,,521,5472a,
5478a,15000,SVaLZ,,522,5478a,
5478b,8000,SVaLZ,,523,5478b,
5479a,5000,SVaLZ,,524,5479a,
547a,105,SVaLZ,,564,547a,
5480a,35000,SVaLZ,,3,5480a,
5481a,10000,SVaLZ,,525,5481a,
5481b,20000,SVaLZ,,526,5481b,
5481c,45000,SVaLZ,,527,5481c,
5498a,3000,SVaLZ,,528,5498a,
5498b,7000,SVaLZ,,529,5498b,
5498c,7000,SVaLZ,,530,5498c,
5498d,6000,SVaLZ,,531,5498d,
555a,490,SVaLZ,,565,555a,
556a,490,SVaLZ,,566,556a,
5605a,30000,SVaLZ,,506,5605a,
5611a,30000,SVaLZ,,507,5611a,
5611b,30000,SVaLZ,,508,5611b,
5611c,50000,SVaLZ,,509,5611c,
5612a,20000,SVaLZ,,510,5612a,
5612b,15000,SVaLZ,,511,5612b,
5612c,30000,SVaLZ,,512,5612c,
5612d,25000,SVaLZ,,513,5612d,
5612e,20000,SVaLZ,,514,5612e,
561a,400,SVaLZ,,567,561a,
562a,130,SVaLZ,,568,562a,
5702a,150,SVaLZ,,532,5702a,
5702C,500,,"Elektrokardiografické (EKG) vyšetrenie, štandardné 12-zvodové zosnímanie - certifikovaný. Výkon môže vykonávať kardiológ, angiológ, internista.",#N/A,#N/A,
5702P,550,,"Elektrokardiografické (EKG) vyšetrenie, štandardné 12-zvodové zosnímanie. Výkon môže vykonávať kardiológ, angiológ, internista.",#N/A,#N/A,
5702R,550,,EKG,#N/A,#N/A,
5702Z,0,,"Elektrokardiografické (EKG) vyšetrenie, štandardné 12-zvodové zosnímanie ako súčasť predoperačného vyšetrenia. Nutná kombinácia s výkonom 60b.",#N/A,#N/A,
5702ZV,0,,"Elektrokardiografické (EKG) vyšetrenie, štandardné 12-zvodové zosnímanie ako súčasť predoperačného vyšetrenia. Nutná kombinácia s výkonom 60b.",#N/A,#N/A,
5708R,750,,Ergometria a popis,#N/A,#N/A,
5745a,450,SVaLZ,,501,5745a,
5745b,400,SVaLZ,,502,5745b,
5746a,500,SVaLZ,,503,5746a,
5746b,500,SVaLZ,,504,5746b,
5747a,500,SVaLZ,,505,5747a,
5766R,500,,Spirometria a popis,#N/A,#N/A,
6003a,350,SVaLZ,,515,6003a,
6003b,150,SVaLZ,,516,6003b,
603a,150,,,86,603a,
603B,100,,,#N/A,#N/A,
604A,825,,,#N/A,#N/A,
607A,250,,,#N/A,#N/A,
608A,130,,,#N/A,#N/A,
609A,250,,,#N/A,#N/A,
60a,500,,,8,60a,
60B,0,,"Komplexné  predoperačné  vyšetrenie  vrátane  odberov  krvi,  zhodnotenia laboratórnych  a pristrojových  vyšetrení.  Výkon  možno vykazovať iba  raz v rámci jednej  operácie  pri  dodržani odborného  usmernenia MZ SR. Výkon  sa  vykazuje samostatne  s di",#N/A,#N/A,
60e,600,,,96,60e,
60h,800,,,111,60h,
60r,420,,,146,60r,
612A,70,,,#N/A,#N/A,
62.CIEV,250,soc,"Cielené vyšetrenie dvoch alebo viacerých organových systémov, popis subjektívnych obtiaží, objektívny nález, zhodnotenie výsledkov, vypísanie správy, záver, ak vyšetrenie trvá viac ako 20 minút.",#N/A,#N/A,
620a,500,,,87,620a,
625a,400,,,88,625a,
625b,400,,,89,625b,
627a,1000,,,90,627a,
63.KOIV,200,soc,"Vyšetrenie obsahuje subjektívny, objektívny nález, zhodnotenie výsledkov, záver, písomnú správu, poučenie pacienta.  ",#N/A,#N/A,
63.ODBV,200,soc,"Dôkladné vyšetrenie jedného orgánového systému alebo kontrolné vyšetrenie vrátane rád a dokumentácie, ak vyšetrenie trvá dlhšie ako 15 minút. ",#N/A,#N/A,
63a,100,,,73,63a,
63R,200,,Neurologické vyšetrenie orientačné,#N/A,#N/A,
667a,600,,,93,667a,
70b,40,,,100,70b,
71.CHZP,35,soc,Vystavenie tlačiva Hlásenie choroby z povolania.,#N/A,#N/A,
71.DPN,35,soc,Vystavenie potvrdenia o dočasnej pracovnej neschopnosti.,#N/A,#N/A,
71.EULS,35,soc,Lekárska správa v prípade dočasnej pracovnej neschopnosti pre uplatnenie nároku na dávku v inom členskom štáte EÚ).,#N/A,#N/A,
71.OCR,35,soc,Vystavenie potvrdenia o potrebe ošetrovania alebo starostlivosti.,#N/A,#N/A,
71.PPM,35,soc,Vystavenie potvrdenia o očakávanom dni pôrodu.,#N/A,#N/A,
71.REGR,35,soc,Regresné hlásenie.,#N/A,#N/A,
71.TDPN,35,soc,Vystavenie preukazu o trvaní dočasnej pracovnej neschopnosti.,#N/A,#N/A,
71.URAZ,35,soc,Správa alebo hlásenie o úraze.,#N/A,#N/A,
71.VYR,35,soc,Vystavenie potvrdenia o potrebe preradenia na inú prácu.,#N/A,#N/A,
7168a,8000,SVaLZ,,533,7168a,
7169a,500,SVaLZ,,534,7169a,
7170a,800,SVaLZ,,535,7170a,
7172a,200,SVaLZ,,536,7172a,
7172b,400,SVaLZ,,537,7172b,
7172c,700,SVaLZ,,538,7172c,
7172d,200,SVaLZ,,539,7172d,
7174a,12000,SVaLZ,,540,7174a,
7177a,9000,SVaLZ,,541,7177a,
7183a,300,SVaLZ,,542,7183a,
71a,90,,,155,71a,
71b,45,,,9,71b,
721B,300,,,#N/A,#N/A,
721C,220,,,#N/A,#N/A,
721D,220,,,#N/A,#N/A,
722A,940,,,#N/A,#N/A,
723A,280,,,#N/A,#N/A,
723B,390,,,#N/A,#N/A,
723C,220,,,#N/A,#N/A,
723D,880,,,#N/A,#N/A,
724A,770,,,#N/A,#N/A,
724B,170,,,#N/A,#N/A,
724C,770,,,#N/A,#N/A,
728A,280,,,#N/A,#N/A,
728B,360,,,#N/A,#N/A,
728C,390,,,#N/A,#N/A,
728d,2000,,,101,728d,
738A,350,,Dychový test na Helicobacter pylori,#N/A,#N/A,
74.BODN,300,soc,"Vystavenie lekárskeho nálezu, alebo výpis zo zdravotnej dokumentácie na účely vystavenia bodového ohodnotenia pracovného úrazu.",#N/A,#N/A,
74.BODS,300,soc,"Vystavenie lekárskeho nálezu, alebo výpis zo zdravotnej dokumentácie na účely vystavenia bodového ohodnotenia sťaženia spoločenského uplatnenia.",#N/A,#N/A,
74.PZAK,300,soc,"Vystavenie lekárskeho nálezu, alebo výpis zo zdravotnej dokumentácie na účely sociálneho poistenia podľa osobitného predpisu.",#N/A,#N/A,
74.VOPS,0,soc,Prerokovanie vývoja obnovy pracovnej schopnosti (SP neuhrádza).,#N/A,#N/A,
745a,400,,,105,745a,
745b,846,,,106,745b,
74a,380,,,10,74a,
75a,250,,,11,75a,
75b,250,,,12,75b,
75C,80,,Popis RTG snímky,#N/A,#N/A,
760pn,1500,,Parciálna primárna skríningová kolonoskopia v prípade negatívneho nálezu,574,760PN,
760pp,1500,,Parciálna primárna skríningová kolonoskopia v prípade pozitívneho nálezu,575,760PP,
760sn,1500,,Parciálna skríningová kolonoskopia v prípade negatívneho nálezu,576,760SN,
760sp,1500,,Parciálna skríningová kolonoskopia v prípade pozitívneho nálezu,577,760SP,
763a,3946,,"Endoskopické vyšetrenie céka a (alebo) terminálneho ilea vrátane výkonu pod kódom 762, v prípade potreby aj s biopsiou a (alebo) punkciou a kontrolou polohy endoskopu pomocou zobrazovacej metódy.",#N/A,#N/A,
763m,2360,,Preventívna prehliadka konečníka a hrubého čreva kolonoskopom pre pacienta ZP 25 vo veku 18-49 rokov,578,763M,
763p,2360,,Preventívna prehliadka konečníka a hrubého čreva kolonoskopom pre pacienta ZP 25 vo veku 50 rokov a viac,579,763P,
763pn,3000,,Totálna primárna skríningová kolonoskopia v prípade negatívneho nálezu,580,763PN,
763pp,3000,,Totálna primárna skríningová kolonoskopia v prípade pozitívneho nálezu,581,763PP,
763sn,3000,,Totálna skríningová kolonoskopia v prípade negatívneho nálezu,582,763SN,
763sp,3000,,Totálna skríningová kolonoskopia v prípade pozitívneho nálezu,583,763SP,
765p,946,,Odstránenie jedného polypu pomocou vysokofrekvenčnej elektrickej slučky (elektrických klieští - hot biopsy),#N/A,#N/A,
775a,2000,,,107,775a,
778c,1446,,,108,778c,
790a,500,,,113,790a,
794f,4625,,,114,794f,
794g,4475,,,115,794g,
794h,62000,,,116,794h,
794i,62000,,,117,794i,
794j,62000,,,118,794j,
794k,33250,,,119,794k,
794l,9375,,,120,794l,
794m,4625,,,121,794m,
794n,3625,,,122,794n,
794p,4475,,,123,794p,
794r,12750,,Hemodiafiltrácia. Súčasťou výkonu je aj vyšetrenie pacienta a lekárska starostlivosť.                                                                                     vcene sú zahrnuté náklady na hemofiltračnú kapsľu,124,794r,
79a,600,,,13,79a,
79B,600,,,#N/A,#N/A,
807a,400,,,136,807a,
810a,1000,,,137,810a,
810b,1000,,,138,810b,
810c,500,,,139,810c,
810d,1800,,,140,810d,
818A,330,,,#N/A,#N/A,
818b,400,,,141,818b,
818c,1000,,,126,818c,
819a,600,,,142,819a,
819b,1100,,,143,819b,
819c,400,,,144,819c,
819d,600,,,145,819d,
81a,1161,,,49,81a,
82a,1243,,,50,82a,
830a,200,,,135,830a,
839a,150,,,147,839a,
83a,1160,,,51,83a,
85a,1162,,,52,85a,
86a,1181,,,53,86a,
87a,1248,,,54,87a,
88a,1160,,,55,88a,
89a,1153,,,56,89a,
90a,1195,,,57,90a,
91a,576,,,58,91a,
92a,1160,,,59,92a,
93a,423,,,60,93a,
94a,408,,,61,94a,
95a,1031,,,62,95a,
95b,5156,,,63,95b,
95c,1031,,,64,95c,
97a,1688,,,65,97a,
97b,2131,,,66,97b,
97c,5794,,,67,97c,
98a,1200,,,68,98a,
98b,2500,,,69,98b,
98c,4500,,,70,98c,
98d,6500,,,71,98d,
A02,60,,Injekčná anestézia.,#N/A,#N/A,
C07,60,,Ošetrenie sťaženého prerezávania zuba múdrosti.,#N/A,#N/A,
C08,60,,Úprava prominujúcej alveoly.,#N/A,#N/A,
C10,160,,Excízia mäkkých tkanív.,#N/A,#N/A,
C41,120,,Intraorálna incízia dentogénneho abscesu,#N/A,#N/A,
C51,600,,Primárna plastika oroantrálnej komunikácie.,#N/A,#N/A,
C61,500,,"Repozícia  subluxovaného alebo  luxovaného zuba, nalomenej alveoly alebo alveolárneho výbežku.",#N/A,#N/A,
D01,300,,Komplexné stomatologické vyšetrenie.,#N/A,#N/A,
D02,150,,Preventívna stomatologická prehliadka.,#N/A,#N/A,
D02A,150,,Preventívna stomatologická prehliadka v tehotenstve.,587,D02a,
D03,100,,Cielené stomatologické vyšetrenie.,#N/A,#N/A,
D05,300,,Komplexné vstupné pedostomatologické vyšetrenie.,#N/A,#N/A,
D06,110,,Preventívna pedostomatologická prehliadka.,#N/A,#N/A,
D11,50,,Akútne vyšetrenie.,#N/A,#N/A,
D37,40,,Krátky administratívny úkon.,#N/A,#N/A,
D52,50,,RTG snímka intraorálna zubov a ústnych tkanív.,#N/A,#N/A,
D54,200,,RTG snímka - ortopantomogram.,#N/A,#N/A,
E01,60,,Extrakcia mliečneho zuba alebo koreňa.,#N/A,#N/A,
E11,100,,Extrakcia trvalého zuba alebo koreňa.,#N/A,#N/A,
E12,150,,Extrakcia viackoreňového zuba.,#N/A,#N/A,
E14,50,,Sutúra extrakčnej rany.,#N/A,#N/A,
E21,250,,Neplánovaná chirurgická extrakcia trvalého alebo dočasného zuba alebo jeho častí.,#N/A,#N/A,
E22,400,,Chirurgická extrakcia zuba.,#N/A,#N/A,
E31,80,,Dekapsulácia zuba.,#N/A,#N/A,
E34,350,,Naloženie aktívneho ťahu na retinovaný zub.,#N/A,#N/A,
E40,500,,Resekcia koreňového hrotu.,#N/A,#N/A,
E42,150,,Resekcia každého ďalšieho koreňového hrotu.,#N/A,#N/A,
E45,130,,Trepanácia alveoly.,#N/A,#N/A,
E51,120,,Zastavenie poextrakčného krvácania.,#N/A,#N/A,
E60,50,,Vyšetrenie pred zákrokom dentoalveolárnej chirurgie.,#N/A,#N/A,
E61,50,,Ošetrenie a kontrola po zákroku dentoalveolárnej chirurgie.,#N/A,#N/A,
E63,120,,Chirurgická revízia rany.,#N/A,#N/A,
E64,400,,Egalizácia alveolárneho výbežku.,#N/A,#N/A,
F01,300,,Komplexné stomatoprotetické vyšetrenie.,#N/A,#N/A,
F63,60,,Stiahnutie korunky.,#N/A,#N/A,
H0001,0,,"Intenzifikovaná zdravotná starostlivosť u poistencov s hypertenziou, u novodiagnostikovaného",#N/A,#N/A,
H0002,0,,Intenzifikovaná zdravotná starostlivosť pre rizikových pacientov s obezitou,#N/A,#N/A,
H0003,0,,Iniciálne vyšterenie arteriálnej hypertenzie (VšZP),#N/A,#N/A,
H0004,0,,Kontrolné vyšetrenie arteriálnej hypertenzie (VšZP),#N/A,#N/A,
H0005,0,,Ošetrenie akútneho hypertenzného stavu,#N/A,#N/A,
H0006,0,,Stratifikácia rizika cievnej mozgovej príhody (CMP) nad 40 rokov,#N/A,#N/A,
H0007,0,,Kvantitatívne INR vyšetrenie v ambulancii VLD,#N/A,#N/A,
H0008,0,,Stanovenie indexu ABI oscilometrickou metódou,#N/A,#N/A,
N03,50,,Odstránenie zubného povlaku alebo zubného kameňa.,#N/A,#N/A,
N11,200,,"Inštruktáž, nácvik ústnej hygieny a lokálna fluoridácia.",#N/A,#N/A,
O01,150,,Čeľustnoortopedická konzultácia.,#N/A,#N/A,
O02,300,,Vstupné čeľustnoortopedické vyšetrenie,#N/A,#N/A,
O03,100,,stanovenie rastovej fázy.,#N/A,#N/A,
O04,500,,Analýza tele-RTG snímky hlavy.,#N/A,#N/A,
O05,500,,Analýza čeľustnoortopedických modelov.,#N/A,#N/A,
O05A,550,,Analýza čeľustnoortopedických modelov pri rázštepoch.,588,O05a,
O06,150,,Čeľustnoortopedická kontrola aktívnej liečby.,#N/A,#N/A,
O06A,150,,Čeľustnoortopedická kontrola počas retencie.,589,O06a,
O07,300,,Návrh liečebného plánu.,#N/A,#N/A,
O07A,300,,Návrh liečebného plánu u rázštepových pacientov.,590,O07a,
O08,1000,,Diagnostická prestavba ortopedických modelov.,#N/A,#N/A,
O09,120,,Konštrukčný zhryz.,#N/A,#N/A,
O21,130,,Separácia zubov.,#N/A,#N/A,
O22,150,,Adaptácia a nalepenie súčiastky fixného aparátu.,#N/A,#N/A,
O24,280,,Nasadenie snímateľného oblúka alebo lip. bumperu.,#N/A,#N/A,
O25,370,,Nasadenie extraorálneho ťahu.,#N/A,#N/A,
O27,400,,Príprava a naviazanie parciálneho oblúka.,#N/A,#N/A,
O28,600,,Príprava a naviazanie celého oblúka - pri fixnom aparáte na jednu čeľusť.,#N/A,#N/A,
O29,180,,Odstránenie naviazaného oblúka.,#N/A,#N/A,
O30,150,,Úprava snímateľného aparátu.,#N/A,#N/A,
O31,230,,Úprava fixného aparátu.,#N/A,#N/A,
O32,100,,Stiahnutie fixného aparátu a zariadenia za jeden zub.,#N/A,#N/A,
O37,30,,Zábrus zuba z čeľustnoortopedických dôvodov za jeden zub.,#N/A,#N/A,
OBEZ1,0,,OBEZ1: Vstupná kontrola pri zaradení dieťaťa do projektu,#N/A,#N/A,
OBEZ2,0,,OBEZ2: II. kontrola (3.-6. týždeň po zaradení do projektu,#N/A,#N/A,
OBEZ3,0,,OBEZ3: III. kontrola (6. mesiac po zaradení do projektu,#N/A,#N/A,
OBEZ4,0,,OBEZ4: IV. kontrola (9. mesiac po zaradení do projektu,#N/A,#N/A,
OBEZ5,0,,OBEZ5: V. kontrola (12. mesiac po zaradení do projektu,#N/A,#N/A,
OBEZ6,0,,OBEZ6: VI. kontrola (24. mesiac po zaradení do projektu,#N/A,#N/A,
P01,350,,Komplexné parodontologické vyšetrenie.,#N/A,#N/A,
P02,70,,Kontrolné parodontologické vyšetrenie.,#N/A,#N/A,
P02A,70,,Kontrolné parodontologické vyšetrenie.,591,P02a,
P05,50,,Odstránenie lokálneho dráždenia.,#N/A,#N/A,
P06,250,,Celkové vyartikulovanie chrupu.,#N/A,#N/A,
P07,50,,Lokálne ošetrenie gingívy a (alebo) sliznice.,#N/A,#N/A,
P08,400,,"Plastika frenúl, slizničných a väzivových pruhov.",#N/A,#N/A,
P09,600,,Vestibuloplastika.,#N/A,#N/A,
P23,60,,Gingivektómia.,#N/A,#N/A,
P32,700,,Odklopenie frontálneho mukoperiostálneho laloka.,#N/A,#N/A,
P33,800,,Odklopenie laterálneho mukoperiostálneho laloka.,#N/A,#N/A,
P40,50,,Odber materiálu na laboratórne vyšetrenie.,#N/A,#N/A,
P65,300,,Príplatok k certifikovaným výkonom.,#N/A,#N/A,
P65A,300,,Príplatok k certifikovaným výkonom.,592,P65a,
T01,100,,Manuálna repozícia luxácie TMK.,#N/A,#N/A,
V01,100,,Jednoplôšková výplň zuba.,#N/A,#N/A,
V02,220,,Dvojplôšková výplň zuba.,#N/A,#N/A,
V03,270,,Trojplôšková výplň zuba.,#N/A,#N/A,
V05,100,,Fotokompozit - jedna plôška.,#N/A,#N/A,
V06,220,,Fotokompozit - dve plôšky.,#N/A,#N/A,
V07,270,,Fotokompozit - tri plôšky.,#N/A,#N/A,
V12,190,,Ošetrenie zubného kazu.,#N/A,#N/A,
V13,190,,Ošetrenie zubného kazu.,#N/A,#N/A,
V20,50,,Dočasné ošetrenie hlbokého zubného kazu.,#N/A,#N/A,
V31,80,,Paliatívne endodontické ošetrenie.,#N/A,#N/A,
V41,300,,Endodontické ošetrenie jednokoreňového trvalého zuba.,#N/A,#N/A,
V42,600,,Endodontické ošetrenie viackoreňového trvalého zuba.,#N/A,#N/A,
Y0018,0,,Klasická masáž 1 časti tela + elektroliečba + individuálna telesná výchova,#N/A,#N/A,
Y0023,0,,Vstupné vyšetrenie pre poskytnutie /indikáciu/ SVLZ zdravotného výkonu Y0018,#N/A,#N/A,
Y0041,0,,Iniciálne a kontrolné vyšetrenie u kapitovaného poistenca s artériovou hypertenziou,#N/A,#N/A,
Y0042,0,,Iniciálne a kontrolné vyšetrenie u kapitovaného poistenca s dyslipidémiou,#N/A,#N/A,
1b,0,,Telemedicína,#N/A,#N/A,
H0004.KO,0,,"Kontrolné vyšetrenie Hypertenzie/Lipidémie, služi na monitoring vykonanie(nie je preplácané)",#N/A,#N/A,
8+PPH1,250,,Pripočítateľná položka PPH1 k výkonu 8 pre poisťovňu Dôvera,#N/A,#N/A,
8+PREDOP,250,,Pripočítateľná položka k výkonu 8 za predoperačné vyšetrenie pre poisťovňu Dôvera,#N/A,#N/A,
8+4571a,250,,Pripočítateľná položka k výkonu 8 za materiál k CRP pre poisťovňu Dôvera,#N/A,#N/A,
4+PPH2,200,,Pripočítateľná položka PPH2 k výkonu 4 pre poisťovňu Dôvera,#N/A,#N/A,
4+4571a,200,,Pripočítateľná položka k výkonu 4 za materiál k CRP  pre poisťovňu Dôvera,#N/A,#N/A,
D52+RTGIO,50,,Pripočítateľná položka RTGIO k výkonu D52,#N/A,#N/A,
D54+OPG,200,,Pripočítateľná položka OPG k výkonu D54,#N/A,#N/A,
