"kod","body","typ","nazov"
"1","80","",""
"1+TELEKON","80","","Výkon 1 s pripočítateľnou položkou TELEKON"
"10","180","",""
"10+5702","180","","Výkon 10 s pripočítateľnou položkou 5702"
"10+EDU","0","","Výkon 10 s pripočítateľnou položkou EDU"
"100","80","",""
"101","250","",""
"102","320","",""
"1020","330","",""
"103","200","",""
"105","250","",""
"1070","150","",""
"108","350","",""
"1080","110","",""
"1081","300","",""
"1084","250","",""
"1084a","500","",""
"1088","100","",""
"1090","50","",""
"1091","150","",""
"1091a","150","",""
"1092","70","",""
"10U","180","",""
"10a","180","",""
"10b","180","",""
"10c","180","",""
"10d","180","",""
"10e","180","",""
"10f","180","",""
"110","550","",""
"1104","750","",""
"1105","200","",""
"1107","70","",""
"111","650","",""
"112","400","",""
"113","300","",""
"1131","180","",""
"116","250","",""
"117","100","",""
"118","230","",""
"1184","400","",""
"1192a","10200","",""
"1192b","48630","",""
"1192c","65200","",""
"12","300","",""
"120","80","",""
"1200","70","",""
"1201","90","",""
"1202","75","",""
"1203","50","",""
"1204","45","",""
"1205","45","",""
"1205R","45","","Visus"
"1206","120","",""
"1207","50","",""
"1208","100","",""
"1209","20","",""
"121","25","",""
"1210","360","",""
"12101","0","","Zhotovenie koruniek ktoré nie sú súčasťou fixnej náhrady"
"12105","0","","Zhotovenie koruniek ktoré nie sú súčasťou fixnej náhrady"
"1212","140","",""
"1213","230","",""
"1214","75","",""
"1215","120","",""
"1216","120","",""
"1217","120","",""
"1218","210","",""
"1219","300","",""
"122","60","",""
"1220","350","",""
"1221","550","",""
"1222","170","",""
"1223","70","",""
"1225","100","",""
"1226","150","",""
"1227","320","",""
"1227R","320","","Perimeter"
"1228","30","",""
"1229","120","",""
"1230","200","",""
"1231","100","",""
"1235","200","",""
"1236","150","",""
"1240","70","",""
"1241","130","",""
"1242","600","",""
"1243","80","",""
"1244","50","",""
"1245","100","",""
"1246","120","",""
"1246a","200","",""
"1249","600","",""
"1250","500","",""
"1251","270","",""
"1255","55","",""
"1255R","55","","tonometria"
"1256","80","",""
"1257","270","",""
"1258","320","",""
"1262","250","",""
"1263","750","",""
"1265","180","",""
"1265a","200","",""
"1266","160","",""
"1267","700","",""
"1271","600","",""
"1272","900","",""
"1273","200","",""
"1273a","80","",""
"1273b","30","",""
"1274","90","",""
"1275","30","",""
"1275a","100","",""
"1275b","80","",""
"1275c","100","",""
"1276","90","",""
"1277","150","",""
"1278","280","",""
"1279","150","",""
"1280","120","",""
"1282","350","",""
"1293","80","",""
"1294","150","",""
"1297","150","",""
"1298","150","",""
"1299","300","",""
"12b","300","",""
"12d","60","",""
"12e","300","",""
"13","250","",""
"1303","200","",""
"1304","250","",""
"1320","120","",""
"1321","320","",""
"1329","90","",""
"1338","70","",""
"1339","100","",""
"1340","180","",""
"1348","1000","","Šošovka - discízia sekundárnej katarakty YAG laserom."
"1358","500","","Cyklokryopexia alebo cyklodiatermia."
"1359","1000","","Laserová operácia v dúhovkovo - rohovkovom uhle trabekuloplastika, gonioplastika, iridotómia, synechiolýza."
"1364","1100","","Koagulácia sietnice a cievovky (laserom, xenónom, kryoaplikátorom a diatermoaplikátorom) jedného oka."
"1365","600","","Následná koagulácia sietnice a cievovky (laserom, xenónom, kryoaplikátorom, diatermoaplikátorom)."
"1383","500","",""
"1385","600","",""
"1386","300","",""
"1390","0","","Operácia sivého zákalu s implantáciou umelej vnútroočnej šošovky"
"1391","0","","Sekundárna implantácia intraokulárnej šošovky do prednej očnej komory alebo do ulcis ciliare"
"1392","0","","Sekundárna implantácia intraokulárnej šošovky transsklerálnou fixáciou"
"1393","0","","Operácia sekundárnej katarakty"
"1394","0","","Repozícia implantovanej umelej vnútroočnicovej šošovky"
"140","350","",""
"1400","80","",""
"1401","200","",""
"1401a","300","",""
"1402","100","",""
"1403","200","",""
"1405","150","",""
"1405a","100","",""
"1406","370","",""
"1407","100","",""
"1409","230","",""
"141","95","",""
"1410","300","",""
"1412","200","",""
"1415","370","",""
"1416","200","",""
"1417","350","",""
"1418","400","",""
"142","350","",""
"1420","200","",""
"1422","750","",""
"142U","350","",""
"143","350","",""
"1431","370","",""
"143U","350","",""
"143a","350","",""
"143aU","350","",""
"144","350","",""
"1442","50","",""
"1445","250","",""
"1446","200","",""
"1448","100","",""
"144U","350","",""
"145","350","",""
"1451","300","",""
"1451c","200","",""
"1452","900","",""
"1454","900","",""
"145U","350","",""
"145a","370","",""
"145aU","370","",""
"146","370","",""
"146U","370","",""
"146a","370","",""
"146aU","370","",""
"146b","370","",""
"146bU","370","",""
"146c","370","",""
"146cU","370","",""
"1470","200","",""
"1470a","200","",""
"1474e","800","",""
"1474f","2000","",""
"1475","60","",""
"1479","250","",""
"148","370","",""
"1480","400","",""
"1480a","300","",""
"1481","150","",""
"148U","370","",""
"148a","370","",""
"148aU","370","",""
"148b","390","",""
"148bU","390","",""
"148c","390","",""
"148cU","390","",""
"149","390","",""
"149U","390","",""
"149a","390","",""
"149aU","390","",""
"149b","390","",""
"149bU","390","",""
"149c","390","",""
"149cU","390","",""
"149d","390","",""
"149dU","390","",""
"149e","390","",""
"149f","390","",""
"1500","400","",""
"1502a","80","",""
"1505","200","",""
"1507","600","",""
"1508","700","",""
"1510","180","",""
"1516","400","",""
"1517","480","",""
"1523a","800","",""
"1523b","800","",""
"1529","800","",""
"1531","100","",""
"1531a","320","",""
"1531b","280","",""
"1533","320","",""
"1534","320","",""
"1535","200","",""
"1535b","100","",""
"1537","250","",""
"1538","200","",""
"1539","300","",""
"1540","40","",""
"1541","100","",""
"1542","100","",""
"1544","75","",""
"1544a","200","",""
"1544aR","400","","Otoskopia"
"1545","150","",""
"1546","100","",""
"1548","300","",""
"155","120","",""
"1550","150","",""
"1551","25","",""
"1553","200","",""
"1556","400","",""
"1558","300","",""
"156","110","",""
"1561","100","",""
"157","220","",""
"158","170","",""
"1585","250","",""
"1586","1100","",""
"1586a","400","",""
"158A","170","","Preventívna urologická prehliadka u mužov od 40. roku veku s výskytom karcinómu prostaty v prvostupňovom príbuzenstve, výkon sa vykazuje v odbornosti 012 s diagnózou Z12.5"
"158B","170","","Preventívna urologická prehliadka u mužov nad 40 rokov veku s hodnotami PSA <= 1.0 ng/ ml v prípade výskytu karcinómu prostaty v prvostupňovom príbuzenstve, výkon sa vykazuie v odbornosti 012 s diagnózou Z12.5"
"158C","170","","Preventívna urologická prehliadka u mužov nad 40 rokov veku s hodnotami PSA 1,1 ng/ ml - 2,5 ng/ ml v prípade výskytu karcinómu prostaty v prvostupňovom príbuzenstve, výkon sa vykazuje v odbornosti 012 s diagnózou Z12.5"
"158D","170","","Preventivna urologická prehliadka u mužov nad 40 rokov veku s hodnotami PSA 2,6 ng/ ml - 4,0 ng/ ml v prípade výskytu karcinómu prostaty v prvostupňovom príbuzenstve, výkon sa vykazuje v odbornosti 012 s diaqnózou Z12.5"
"159","0","",""
"1590","100","",""
"1591","300","",""
"1591R","300","","Audiometria"
"1591a","350","",""
"1592","350","",""
"1593","350","",""
"1594","320","",""
"1595","700","",""
"1595a","350","",""
"1596","350","",""
"1597","300","",""
"1598","180","",""
"1599","300","",""
"1599a","450","",""
"1599b","350","",""
"1599c","500","",""
"159AU+FOB","180","","Výkon 159AU s pripočítateľnou položkou FOB"
"159XU+FOB","180","","Výkon 159XU s pripočítateľnou položkou FOB"
"159ZU+FOB","180","","Výkon 159ZU s pripočítateľnou položkou FOB"
"159a","180","",""
"159a+FOB","180","","Výkon 159a s pripočítateľnou položkou FOB"
"159b","100","",""
"159bU","100","",""
"159c","320","","Vyšetrenie na včasnú diagnostiku rakoviny prostaty."
"159x","180","","Výsledok TOKS neznámy (nevrátený alebo znehodnotený test)"
"159x+FOB","180","","Výkon 159x s pripočítateľnou položkou FOB"
"159z","180","","Výsledok TOKS negatívny"
"159z+FOB","180","","Výkon 159z s pripočítateľnou položkou FOB"
"15BR","120","","Zhodnotenie výsledkov a záver"
"15P","100","","Zhotovenie EKG záznamu (PLD, pre VšZP)"
"15V","0","","Zaradenie do programu, činnosti  E-c)"
"15X","0","","Posúdenie poistenca pred zaradením do programu"
"15Y","0","","Zaradenie do programu, činnosti  C, D, E-a)"
"15Z","0","","Zaradenie do programu, činnosti  C, D, E-b)"
"15a","60","",""
"15b","120","",""
"15bR","120","","Vystavenie potvrdenia o spôsobilosti na výkon funkcie"
"15c","100","",""
"15d","150","",""
"15du","150","","Popis RTG natívnej snímky vykonaný lekárom špecialistom"
"15e","800","",""
"15f","150","",""
"15g","60","",""
"16","180","",""
"160","350","",""
"160+HYPSTA","390","","Výkon 160 s pripočítateľnou položkou HYPSTA"
"1601","500","",""
"1602","200","",""
"1603","300","",""
"160R","350","","Komplexné vyšetrenie"
"160U","350","",""
"160a","390","",""
"160b","390","",""
"160c","390","",""
"160d","390","",""
"160f","390","",""
"160g","500","",""
"160h","390","",""
"161","380","",""
"1611","110","",""
"1612","170","",""
"163","200","",""
"163B","200","",""
"164","240","",""
"164a","200","",""
"165","80","",""
"166","200","",""
"167","30","",""
"168","120","",""
"168a","130","",""
"168b","520","",""
"168c","80","",""
"168d","60","",""
"169","50","",""
"169a","80","",""
"1700","75","",""
"1701","80","",""
"1702","230","",""
"1703","230","",""
"1706","260","",""
"171","800","",""
"1712","230","",""
"1713","450","",""
"1714","350","",""
"172","1000","",""
"1722","300","",""
"1723","375","",""
"1726","100","",""
"173","1800","",""
"1735","100","",""
"1736","500","",""
"1740","100","",""
"1752","60","",""
"1755","900","",""
"1775","100","",""
"178","150","",""
"1784","800","",""
"1785","1200","",""
"1787","450","",""
"1791","200","",""
"1792","500","",""
"1793","900","",""
"1794","550","",""
"1795","450","",""
"180","200","",""
"1800","2300","",""
"1801","600","",""
"180a","330","",""
"1822","300","",""
"1850","1500","",""
"1894","140","",""
"1895","200","",""
"190","220","",""
"190a","330","",""
"191","200","",""
"192","200","",""
"193","650","",""
"194","350","",""
"195","800","",""
"196","650","",""
"197","1200","",""
"198","1000","",""
"199","280","",""
"1A01033","525","","Komplexné pneumoftizeologické vyšetrenie pacienta (kompletná anamnéza, vyšetrenie všetkých orgánových systémov, založenie zdravotnej dokumentácie, diagnostický záver, liečebný plán a (alebo) zaradenie do dispenzárnej starostlivosti, odoslanie pacienta na ďalšie laboratórne, prístrojové alebo odborné vyšetrenia – vypísanie žiadaniek, poučenie pacienta, vypísanie receptov a lekárskej správy (trvanie najmenej 30 minút)."
"1A02009","1000","","Kontinuálny monitoring glykémií"
"1A02012","12000","","Nastavenie na liečbu inzulínovou pumpou"
"1A02060","340","","Cielené vyšetrenie pneumoftizeologické alebo dispenzárna kontrola (cielená anamnéza, resp. anamnéza od poslednej kontroly), opis subjektívnych ťažkostí, objektívny nález, vypísanie správy, záver, vypracovanie plánu do nasledujúcej kontroly. Poučenie o diéte a životospráve a predvolanie na vyšetrenie je súčasťou výkonu. Vyšetrenie trvá dlhšie ako 20 minút."
"1A02072","1300","","Cielené artrologické vyšetrenie"
"1A02077","900","","Cielené vyšetrenie poistenca s respiračným syndrómom pri pandémii COVID-19"
"1A03007","1200","","Kontrolné diabetologické vyšetrenie pri liečbe inzulínovou pumpou"
"1A03044","260","","Kontrolné pneumoftizeologické vyšetrenie vrátane rád a dokumentácie. Vyšetrenie trvá dlhšie ako 15 minút."
"1A03057","320","","Artrologické vyšetrenie"
"1B05011","420","","Edukácia pri zistení diabetes mellitus"
"1B05012","420","","Edukácia aplikácie inzulínu a iných injekčných antidiabetík"
"1B05013","270","","Edukácia pri diabete v súvislosti s prevenciou hypoglykémie"
"1B05014","270","","Edukácia pri diabete v súvislosti s prevenciou chronických komplikácií diabetu"
"1B06025","1200","","Pohovor pri plánovaní zásadnej zmeny liečby - prechod na liečbu inzulínovou pumpou"
"1B08082","180","","Vyhodnotenie diagnostických a/alebo klasifikačných kritérií reumatických ochorení"
"1B08098","120","","Hodnotenie aktivity ochorenia"
"1a","0","","Management poistenca vrátane objednávania na určitý čas"
"1b","160","","Telemedicína"
"200","70","",""
"2000","100","",""
"2001","160","",""
"2002","260","",""
"2003","170","",""
"2004","300","",""
"2005","520","",""
"2006","40","",""
"2007","60","",""
"2008","100","",""
"2009","250","",""
"201","400","",""
"2011","250","",""
"2011a","150","",""
"2012","150","",""
"2012a","100","",""
"2013","300","",""
"2013a","350","",""
"2015","150","",""
"2015a","200","",""
"2015b","300","",""
"2018","150","",""
"2018a","400","",""
"2019","300","",""
"2019a","100","",""
"2019b","200","",""
"2019c","500","",""
"20201","0","","Totálna náhrada chrupu"
"20202","0","","Parciálna náhrada chrupu"
"2025","100","",""
"2030","30","",""
"204","100","",""
"206","70","",""
"207","120","",""
"207a","120","",""
"208","450","",""
"210","75","",""
"2100","160","",""
"2101","200","",""
"2103","530","",""
"2104","550","",""
"2105","380","",""
"2106","700","",""
"211","60","",""
"212","180","",""
"213","100","",""
"213a","240","",""
"214","240","",""
"2141","110","",""
"2141a","110","",""
"2142","220","",""
"2145","350","",""
"2146","400","",""
"2147","400","",""
"2156","650","","Posuvná plastika a zakrytie veľkého defektu kože."
"2157","650","","Transplantácia s uvoľnením laloka kože na zakrytie veľkého defektu kože."
"217","230","",""
"2171","600","","Chirurgická korekcia znetvorujúcej jazvy tváre."
"217a","80","",""
"218","670","",""
"2205","50","",""
"2206","90","",""
"2207","150","",""
"2209","350","",""
"2210","150","",""
"2211","350","",""
"2212","650","",""
"2216","60","",""
"2220","700","",""
"2221","600","",""
"2222","700","","Operačné odstránenie fisúry na prste pomocou ""Z"" plastiky"
"2226","800","","Operácia tendosynovitídy v oblasti zhybu na ruke alebo angulárnych segmentov prsta"
"2240","1700","",""
"2245","1000","",""
"2246","1250","",""
"225","90","",""
"2256","1300","","Operačné uvoľnenie zrastov okolo viacerých šliach ako samostatný výkon."
"227","210","",""
"2270","1200","","Operácia Dupuytrenovej kontraktúry s čiastočným odstránením palmárnej aponeurózy kĺbu, podľa potreby aj premiestňovacia plastika a (alebo) odstránenie povrazovitých útvarov na prste ruky."
"228","375","",""
"2280","500","",""
"229","120","",""
"230","550","",""
"231","360","",""
"2310","80","",""
"2311","150","",""
"2315","250","",""
"232","750","",""
"2320","450","",""
"2321","350","",""
"2326","500","",""
"235","760","",""
"236","950","",""
"237","1125","",""
"238","160","",""
"2380","500","","Odstránenie exostózy oddlabaním ako samostatný výkon."
"239","760","",""
"240","950","",""
"2400","120","",""
"2401","200","",""
"2402","360","",""
"2403","150","",""
"2405","420","",""
"2420","450","",""
"2421","750","",""
"2435","650","",""
"2455","300","",""
"2456","600","",""
"246","170","",""
"247","130","",""
"25","285","",""
"250AR","150","","Odber krvi venepunkciou"
"250X","147","","Odber venóznej krvi za účelom vyšetrenia laboratórnych parametrov (VšZP)"
"250a","80","",""
"250b","150","",""
"250bR","150","","Odber krvi do uzavretého systému"
"250c","160","",""
"250d","160","SVaLZ",""
"250dU","160","SVaLZ",""
"250e","270","SVaLZ",""
"250f","320","SVaLZ",""
"251","75","",""
"251a","115","",""
"251b","140","SVaLZ",""
"251c","210","SVaLZ",""
"252","70","",""
"252BR","70","","Očkovanie"
"252C","70","","Očkovanie proti chrípke"
"252L+PP05","","","Výkon 252L s pripočítateľnou položkou PP05 - očkovanie deti"
"252L+PP50","","","Výkon 252L s pripočítateľnou položkou PP50"
"252S","70","","Očkovanie proti prasacej chrípke"
"252a","30","",""
"252b","70","","Očkovanie."
"252bU","70","","Očkovanie."
"253","100","",""
"253a","2000","",""
"253b","4000","",""
"254","130","",""
"255","110","",""
"256","180","",""
"257","420","",""
"258","60","",""
"258a","110","SVaLZ",""
"259","0","SVaLZ",""
"25U","285","",""
"25a","200","",""
"26","500","",""
"260","200","",""
"2600","1000","",""
"260a","150","",""
"261","30","",""
"2625","250","",""
"265","90","",""
"266","80","",""
"267","100","",""
"26U","500","",""
"270","90","",""
"271","200","",""
"272","280","",""
"2722","160","",""
"274","220","",""
"275","320","",""
"276","180","",""
"277","200","",""
"278","440","",""
"279","700","",""
"280","500","",""
"2800b","1000","",""
"281","550","",""
"2812o","450","",""
"282","150","",""
"2820","180","",""
"285","120","",""
"285a","160","",""
"286","220","",""
"287","120","SVaLZ",""
"289","120","",""
"29","900","",""
"290","120","",""
"291","80","",""
"292","300","",""
"293","300","",""
"294","160","",""
"295","40","",""
"2955","200","",""
"297","50","",""
"297A","50","",""
"297B","50","",""
"298","80","",""
"298a","150","SVaLZ",""
"299C","100","",""
"299a","60","",""
"299b","100","",""
"299d","180","SVaLZ",""
"30","450","","Príplatok k výkonom pod kódmi 26 a 29 za návštevu vyžiadanú a vykonanú v sobotu, v nedeľu, počas sviatkov a 31. decembra."
"300","120","",""
"3000","50","",""
"3001","100","",""
"3002","120","",""
"3002a","380","",""
"3003","120","",""
"3004","350","",""
"3005","120","",""
"3005a","50","",""
"3007","800","",""
"3008","50","",""
"3008a","120","",""
"3009","160","",""
"3009a","200","",""
"3009b","150","",""
"301","150","",""
"302","375","",""
"3020","650","",""
"3021","800","",""
"3022","320","",""
"3023","400","",""
"3024","60","",""
"303","400","",""
"303a","350","","Punkcia cysty, ganglia, serómu, hygrómu, hematómu alebo abscesu."
"305","380","",""
"306","1000","",""
"307","600","",""
"307a","3300","",""
"308","700","",""
"3095","300","",""
"3096","470","",""
"3096a","140","",""
"3097","650","",""
"310","1000","",""
"311","450","",""
"311a","2000","",""
"312","600","",""
"3121","380","",""
"3121a","420","",""
"3122","520","",""
"3122a","290","",""
"3122b","720","",""
"3123","380","",""
"3124","340","",""
"3125","390","",""
"3126","360","",""
"3127","480","",""
"3128","660","",""
"3129","560","",""
"3130","240","",""
"3131","390","",""
"3132","460","",""
"3133","280","",""
"3134","150","",""
"3135","200","",""
"3136","350","",""
"3137","640","",""
"3138","760","",""
"3139","420","",""
"314","150","",""
"3140","180","",""
"3141","250","",""
"3142","300","",""
"3143","460","",""
"3144","590","",""
"3145","750","",""
"315","500","",""
"315A","500","",""
"315b","2000","",""
"315c","5600","",""
"315d","40000","",""
"315e","40000","",""
"315f","50000","",""
"315g","12000","",""
"316","220","",""
"317","360","",""
"318","100","",""
"320","150","",""
"321","350","",""
"3210","200","",""
"3211","180","",""
"3215","375","",""
"322","200","",""
"323","500","",""
"3240","200","",""
"325","100","",""
"3250","500","SVaLZ",""
"3251","450","SVaLZ",""
"3252","450","SVaLZ",""
"3253","200","SVaLZ",""
"3255","900","SVaLZ",""
"3256","500","SVaLZ",""
"3257","450","SVaLZ",""
"3258","200","SVaLZ",""
"326","500","",""
"3260","2250","SVaLZ",""
"3262","5000","SVaLZ",""
"3262a","1500","SVaLZ",""
"3262b","700","SVaLZ",""
"3262c","700","SVaLZ",""
"3263","1350","SVaLZ",""
"3264","130","SVaLZ",""
"3265","2200","SVaLZ",""
"3266","150","SVaLZ",""
"3266a","200","SVaLZ","Príplatok k výkonu pod kódom 3265 pri ožarovaní za každé pole pri použití MLC"
"3267","200","SVaLZ",""
"3267a","200","SVaLZ",""
"3268","700","SVaLZ",""
"3268a","1200","SVaLZ",""
"3269","2000","SVaLZ",""
"3270","4600","SVaLZ",""
"3270a","10000","SVaLZ",""
"3271","10000","SVaLZ",""
"3272","5000","SVaLZ",""
"3275","500","SVaLZ",""
"3275a","500","SVaLZ",""
"3275b","1000","SVaLZ",""
"3275c","300","SVaLZ",""
"3276","2700","SVaLZ",""
"3279","6000","SVaLZ",""
"3280","3000","SVaLZ",""
"3280a","5000","SVaLZ",""
"3281","5500","SVaLZ",""
"3282","3200","SVaLZ",""
"3283","3500","SVaLZ",""
"3284","3200","SVaLZ",""
"3285","1500","SVaLZ",""
"3285a","1000","SVaLZ",""
"3286","1200","",""
"3286a","2000","SVaLZ",""
"3287","800","",""
"3288","450","",""
"3289","1000","",""
"3290","250","",""
"3291","300","",""
"3292","450","",""
"3293","350","",""
"3294","120","",""
"3295","200","",""
"3296","350","",""
"3297","500","",""
"3298","2500","",""
"3299","200","",""
"330","220","",""
"3300","300","",""
"3301","33000","",""
"3302","41000","",""
"3303","350","",""
"3306","350","",""
"3307","150","",""
"3308","200","",""
"3309","700","",""
"331","500","",""
"3314","3000","SVaLZ",""
"3315","4000","SVaLZ",""
"3316","16500","",""
"3317","65900","",""
"3318","12300","",""
"3319","49500","",""
"332","30","",""
"3321","170","",""
"3322","85","",""
"3323","600","",""
"3324","300","",""
"3325","900","",""
"3326","100","",""
"3327","120","",""
"3328","300","",""
"3329","400","",""
"333","3000","",""
"3330","700","",""
"3331","1000","",""
"3332","250","",""
"3333","500","",""
"3334","220","",""
"3335","60","",""
"3336","60","",""
"3337","300","",""
"3338","200","",""
"3339","200","",""
"334","1000","",""
"3340","250","",""
"3341","300","",""
"3342","350","",""
"3343","250","",""
"3344","250","",""
"3345","100","",""
"3346","320","",""
"3347","280","",""
"3348","120","",""
"3349","300","",""
"3350","100","",""
"3351","730","",""
"3352","300","",""
"3353","200","",""
"3354","300","",""
"3355","150","",""
"3356","700","",""
"3357","700","",""
"3358","400","",""
"3359","700","",""
"3360","1000","",""
"3361","200","",""
"3362","300","",""
"3363","500","",""
"3364","500","",""
"3365","600","",""
"3366","300","",""
"3367","800","",""
"3368","500","",""
"3369","450","",""
"3390","200","",""
"3390a","200","",""
"3392a","100","",""
"3392c","300","",""
"3393","400","",""
"3394","150","",""
"3395","300","",""
"3396","200","",""
"3398","200","",""
"3399a","200","",""
"3399b","100","",""
"3399c","100","",""
"3399d","150","",""
"340","35","",""
"3400","100","",""
"3401a","200","",""
"3401b","70","",""
"3402","35","",""
"3404","80","",""
"3405","160","",""
"3405a","160","",""
"3406","200","",""
"3407","60","",""
"3408","50","",""
"3409","80","",""
"341","35","",""
"3410","100","",""
"3411","50","",""
"3411a","100","",""
"3413","40","",""
"3413a","50","",""
"3414","70","",""
"3416","60","",""
"3418","80","",""
"3419","120","",""
"342","150","",""
"3420","60","",""
"3420a","60","",""
"3421","80","",""
"3422a","150","",""
"3422b","250","",""
"3422c","350","",""
"3423","150","",""
"3423a","150","",""
"3423b","250","",""
"3423c","100","",""
"3424","100","",""
"3426","80","",""
"3427","200","",""
"3428","25","",""
"3429","60","",""
"3430","60","",""
"3431","50","",""
"3432","320","",""
"3433","100","",""
"3434","50","",""
"3435","300","",""
"3436","60","",""
"3437","40","",""
"3439","160","",""
"3440","250","",""
"3441","200","",""
"3442","100","",""
"3443","100","",""
"3444","120","",""
"3445","40","",""
"3446","60","",""
"3447","100","",""
"3449","120","",""
"3451","40","",""
"3452","250","",""
"3454","50","",""
"3454a","50","",""
"3457","250","",""
"3458","300","",""
"3459a","250","",""
"346","30","",""
"3460","250","",""
"3461","250","",""
"3467","1400","",""
"3468","500","",""
"3469","60","",""
"347","25","",""
"3470","100","",""
"3474","50","",""
"3475","200","",""
"3476","250","",""
"3476a","100","",""
"3476b","100","",""
"348","40","",""
"35","100","",""
"350","90","",""
"3500","40","",""
"3501","90","SVaLZ",""
"3502","60","SVaLZ",""
"3503","100","SVaLZ",""
"3504","75","SVaLZ",""
"3505","200","",""
"3506","120","SVaLZ",""
"3507","300","SVaLZ",""
"3510","30","SVaLZ",""
"3511","0","SVaLZ",""
"3512","150","SVaLZ",""
"3517","200","SVaLZ",""
"3518","200","SVaLZ",""
"3519","80","SVaLZ",""
"3525","50","SVaLZ",""
"3525R","50","","Moč chemicky"
"3526","35","SVaLZ",""
"3527","30","SVaLZ",""
"353","65","",""
"3530","30","SVaLZ",""
"3531","30","SVaLZ",""
"3532","30","SVaLZ",""
"3533","30","SVaLZ",""
"3534","30","SVaLZ",""
"3535","30","SVaLZ",""
"3536","30","SVaLZ",""
"3538","35","SVaLZ",""
"3540","35","SVaLZ",""
"3541","30","SVaLZ",""
"3541a","1600","SVaLZ",""
"3542","50","SVaLZ",""
"3543","90","SVaLZ",""
"3544","50","SVaLZ",""
"3545","50","SVaLZ",""
"3546","50","SVaLZ",""
"3547","50","SVaLZ",""
"3548","110","SVaLZ",""
"3549","110","SVaLZ",""
"355","90","",""
"3550","110","SVaLZ",""
"3551","50","SVaLZ",""
"3552","50","SVaLZ",""
"3553","50","SVaLZ",""
"3554","50","SVaLZ",""
"3555","50","SVaLZ",""
"3556","100","SVaLZ",""
"3557","240","SVaLZ",""
"356","120","",""
"357","550","",""
"3570","100","SVaLZ",""
"3571","50","SVaLZ",""
"3572","50","SVaLZ",""
"3573","70","SVaLZ",""
"3574","50","SVaLZ",""
"3575","50","SVaLZ",""
"3576","50","SVaLZ",""
"3577","50","SVaLZ",""
"3578","50","SVaLZ",""
"3579","70","SVaLZ",""
"358","200","",""
"3580","70","SVaLZ",""
"3586","100","SVaLZ",""
"3587","50","SVaLZ",""
"3588","50","SVaLZ",""
"3589","50","SVaLZ",""
"3589a","100","SVaLZ",""
"359","90","",""
"3590","100","SVaLZ",""
"3591","50","SVaLZ",""
"3592","50","SVaLZ",""
"3592R","50","","FW"
"36","200","",""
"360","60","",""
"3600","95","SVaLZ",""
"3601","50","SVaLZ",""
"3602","80","SVaLZ",""
"3603","95","SVaLZ",""
"3604","95","SVaLZ",""
"3605","150","SVaLZ",""
"3606","120","SVaLZ",""
"3607","100","SVaLZ",""
"3608","80","SVaLZ",""
"3609","80","SVaLZ",""
"361","120","",""
"3610","90","SVaLZ",""
"3611","100","SVaLZ",""
"3612","95","SVaLZ",""
"3612a","600","SVaLZ",""
"3613","95","SVaLZ",""
"3614","120","SVaLZ",""
"3615","360","SVaLZ",""
"3616","160","SVaLZ",""
"3617","160","SVaLZ",""
"3618","160","SVaLZ",""
"3619","80","SVaLZ",""
"362","40","",""
"3620","120","SVaLZ",""
"3621","120","SVaLZ",""
"3622","100","SVaLZ",""
"3623","2200","SVaLZ",""
"3624","450","SVaLZ",""
"363","160","",""
"3630","55","SVaLZ",""
"3631","300","SVaLZ",""
"3632","180","SVaLZ",""
"3633","100","SVaLZ",""
"3634","120","SVaLZ",""
"3635","60","SVaLZ",""
"3635a","60","",""
"3636","60","SVaLZ",""
"3637","60","SVaLZ",""
"3638","60","SVaLZ",""
"3639","60","SVaLZ",""
"364","80","",""
"3640","60","SVaLZ",""
"3641","60","SVaLZ",""
"3643","60","SVaLZ",""
"3647","60","SVaLZ",""
"3648","60","SVaLZ",""
"3649","60","SVaLZ",""
"365","220","",""
"3650","60","SVaLZ",""
"3651","60","SVaLZ",""
"3652","60","SVaLZ",""
"3653","60","SVaLZ",""
"3654","60","SVaLZ",""
"366","200","",""
"3660","80","SVaLZ",""
"3661","80","SVaLZ",""
"3662","80","SVaLZ",""
"367","200","",""
"3670","40","SVaLZ",""
"3671","40","SVaLZ",""
"3671R","40","","Glukóza"
"3672","40","SVaLZ",""
"3673","40","SVaLZ",""
"3674","40","SVaLZ",""
"3674R","180","","Cholesterol"
"3674a","180","SVaLZ",""
"3674aR","180","","Cholesterol celkový"
"3675","55","SVaLZ",""
"3675a","180","SVaLZ",""
"3676","50","SVaLZ",""
"3676a","180","SVaLZ",""
"3677a","180","SVaLZ",""
"3677aR","180","","Triacylglyceroly"
"3678","60","SVaLZ",""
"3678a","180","SVaLZ",""
"3679","60","SVaLZ",""
"3679R","60","","Kreatinín"
"3679a","180","SVaLZ",""
"368","170","",""
"3680","50","SVaLZ",""
"3680a","100","SVaLZ",""
"3681","50","SVaLZ",""
"3682","40","SVaLZ",""
"3683","40","SVaLZ",""
"3684","50","SVaLZ",""
"3685","40","SVaLZ",""
"3689","60","SVaLZ",""
"3690","60","SVaLZ",""
"3691","60","SVaLZ",""
"3692","60","SVaLZ",""
"3692R","60","","ALT"
"3693","60","SVaLZ",""
"3693R","60","","GMT"
"3694","90","SVaLZ",""
"3694a","200","SVaLZ",""
"3695a","250","SVaLZ",""
"3695b","120","SVaLZ",""
"3696","90","SVaLZ",""
"3697","75","SVaLZ",""
"3698","70","SVaLZ",""
"3699","100","SVaLZ",""
"37","150","",""
"370","150","",""
"3700","60","SVaLZ",""
"3701","180","SVaLZ",""
"3702","90","SVaLZ",""
"3703","120","SVaLZ",""
"3704","50","SVaLZ",""
"3705","50","SVaLZ",""
"3706","50","SVaLZ",""
"3707","50","SVaLZ",""
"3708","90","SVaLZ",""
"3709","60","SVaLZ",""
"3709a","200","SVaLZ",""
"371","320","",""
"3710","60","SVaLZ",""
"3710a","180","SVaLZ",""
"3711","80","SVaLZ",""
"3712","240","SVaLZ",""
"3715","120","SVaLZ",""
"372","280","",""
"3720","60","SVaLZ",""
"3721","50","SVaLZ",""
"3722","480","SVaLZ",""
"3723","120","SVaLZ",""
"3724","80","SVaLZ",""
"373","420","",""
"3730","700","SVaLZ",""
"3731","120","SVaLZ",""
"3732","120","SVaLZ",""
"3733","120","SVaLZ",""
"3734","120","SVaLZ",""
"3735","120","SVaLZ",""
"3736","120","SVaLZ",""
"374","500","",""
"3740","100","SVaLZ",""
"3741","480","SVaLZ",""
"3742","900","SVaLZ",""
"375","300","",""
"3750","180","SVaLZ",""
"3751","180","SVaLZ",""
"3752","180","SVaLZ",""
"3753","180","SVaLZ",""
"3754","200","SVaLZ",""
"3780","50","SVaLZ",""
"3781","55","SVaLZ",""
"3782","80","SVaLZ",""
"3783","120","SVaLZ",""
"3784","125","SVaLZ",""
"3784R","125","","Krvný obraz"
"3785","80","SVaLZ",""
"3786","95","SVaLZ",""
"3787","10","SVaLZ",""
"3800","120","SVaLZ",""
"3801","30","SVaLZ",""
"3802","80","SVaLZ",""
"3803","95","SVaLZ",""
"3804","35","SVaLZ",""
"3806","100","SVaLZ",""
"3808","100","SVaLZ",""
"3809","150","SVaLZ",""
"3812","30","SVaLZ",""
"3813","120","SVaLZ",""
"3815","40","SVaLZ",""
"3816","40","SVaLZ",""
"3817","500","SVaLZ",""
"3840","80","SVaLZ",""
"3841","95","SVaLZ",""
"3842","95","SVaLZ",""
"3843","90","SVaLZ",""
"3844","120","SVaLZ",""
"3846","150","SVaLZ",""
"3848","80","SVaLZ",""
"3849","500","SVaLZ",""
"3851","150","SVaLZ",""
"3852","150","SVaLZ",""
"3853","80","SVaLZ",""
"3854","60","SVaLZ",""
"3855","80","SVaLZ",""
"3856","125","SVaLZ",""
"3857","250","SVaLZ",""
"3858","240","SVaLZ",""
"3859","400","SVaLZ",""
"3860","480","SVaLZ",""
"3861","800","SVaLZ",""
"3861b","500","SVaLZ",""
"3861c","500","SVaLZ",""
"3861d","500","SVaLZ",""
"3861e","200","SVaLZ",""
"3861f","600","SVaLZ",""
"3861g","500","SVaLZ",""
"3862","380","SVaLZ",""
"3863","280","SVaLZ",""
"3864","1000","SVaLZ",""
"3864a","1000","SVaLZ",""
"3864b","1200","SVaLZ",""
"3864c","800","SVaLZ",""
"3880","210","SVaLZ",""
"3881","210","SVaLZ",""
"3882","210","SVaLZ",""
"3883","210","SVaLZ",""
"3884","210","SVaLZ",""
"3885","300","SVaLZ",""
"3886","60","SVaLZ",""
"3887","60","SVaLZ",""
"3888","60","SVaLZ",""
"3891","60","SVaLZ",""
"3892","100","SVaLZ",""
"3893","240","SVaLZ",""
"3894","210","SVaLZ",""
"3895","900","SVaLZ",""
"3900","100","SVaLZ",""
"3901","120","SVaLZ",""
"3902","100","SVaLZ",""
"3903","120","SVaLZ",""
"3904","420","SVaLZ",""
"3905","300","SVaLZ",""
"3906","200","SVaLZ",""
"3910","190","SVaLZ",""
"3911","200","SVaLZ",""
"3912","200","SVaLZ",""
"3913","200","SVaLZ",""
"3914","200","SVaLZ",""
"3915","200","SVaLZ",""
"3916","200","SVaLZ",""
"3920","240","SVaLZ",""
"3921","240","SVaLZ",""
"3922","240","SVaLZ",""
"3923","240","SVaLZ",""
"3924","400","SVaLZ",""
"3930","120","SVaLZ",""
"3931","200","SVaLZ",""
"3932","200","SVaLZ",""
"3933","200","SVaLZ",""
"3934","200","SVaLZ",""
"3935","200","SVaLZ",""
"3936","200","SVaLZ",""
"3937","300","SVaLZ",""
"3938","300","SVaLZ",""
"3939","300","SVaLZ",""
"3940","300","SVaLZ",""
"3945","400","SVaLZ",""
"3946","400","SVaLZ",""
"3946a","500","SVaLZ",""
"3946b","600","SVaLZ",""
"3947","1600","SVaLZ",""
"3949","320","SVaLZ",""
"3949a","500","SVaLZ",""
"3950","320","SVaLZ",""
"3950a","600","SVaLZ",""
"3950b","400","SVaLZ",""
"3951","1600","SVaLZ",""
"3951a","600","SVaLZ",""
"3952","500","SVaLZ",""
"3953","200","SVaLZ",""
"3954","3000","SVaLZ",""
"3954a","3000","SVaLZ",""
"3954b","1200","SVaLZ",""
"3954c","1200","SVaLZ",""
"3954d","1200","SVaLZ",""
"3954e","1500","SVaLZ",""
"3955","200","SVaLZ",""
"3956","500","SVaLZ",""
"3957","500","SVaLZ",""
"3958","500","SVaLZ",""
"3959","500","SVaLZ",""
"3960","500","SVaLZ",""
"3960a","500","SVaLZ",""
"3960b","300","SVaLZ",""
"3960c","300","SVaLZ",""
"3961","500","SVaLZ",""
"3963","300","SVaLZ",""
"3964","350","SVaLZ",""
"3965","350","SVaLZ",""
"3966","880","SVaLZ",""
"3968","750","SVaLZ",""
"3969","750","SVaLZ",""
"3970","700","SVaLZ",""
"3972","640","SVaLZ",""
"3972a","400","SVaLZ",""
"3973","640","SVaLZ",""
"3973a","400","SVaLZ",""
"3974","640","SVaLZ",""
"3976","1000","SVaLZ",""
"3976a","1000","SVaLZ",""
"3976b","1000","SVaLZ",""
"3977","1050","SVaLZ",""
"3977a","1000","SVaLZ",""
"3978","1000","SVaLZ",""
"3978a","1000","SVaLZ",""
"3979","1000","SVaLZ",""
"3979a","1000","SVaLZ",""
"3980","1000","SVaLZ",""
"3980a","1000","SVaLZ",""
"3981","1000","SVaLZ",""
"3982","1000","SVaLZ",""
"3982a","1000","SVaLZ",""
"3982b","500","SVaLZ",""
"3982c","300","SVaLZ",""
"3983","400","SVaLZ",""
"3984","1000","SVaLZ",""
"3984a","800","SVaLZ",""
"3985","950","SVaLZ",""
"3985a","500","SVaLZ",""
"3986","750","SVaLZ",""
"3986a","500","SVaLZ",""
"3987","750","SVaLZ",""
"3987a","1000","SVaLZ",""
"3988","750","SVaLZ",""
"3988a","500","SVaLZ",""
"3989","750","SVaLZ",""
"3991","1800","SVaLZ",""
"3993","1900","SVaLZ",""
"3995","300","SVaLZ",""
"3996","500","SVaLZ",""
"4","200","",""
"4+3634","200","","Výkon 4 s pripočítateľnou položkou 3634"
"4+3635A","200","","Výkon 4 s pripočítateľnou položkou 3635A"
"4+4571a","200","","Pripočítateľná položka k výkonu 4 za materiál k CRP  pre poisťovňu Dôvera"
"4+5702","200","","Výkon 4 s pripočítateľnou položkou 5702"
"4+PPH2","200","","Pripočítateľná položka PPH2 k výkonu 4 pre poisťovňu Dôvera"
"4+SKOR01","200","","Výkon 4 s pripočítateľnou položkou SKOR01"
"4+SKOR02","200","","Výkon 4 s pripočítateľnou položkou SKOR02"
"4+SKOR03","200","","Výkon 4 s pripočítateľnou položkou SKOR03"
"4+SKOR04","200","","Výkon 4 s pripočítateľnou položkou SKOR04"
"4+SKOR04","200","","Výkon 4 s pripočítateľnou položkou SKOR04"
"40","200","",""
"400","30","",""
"4000","250","SVaLZ",""
"4001","250","SVaLZ",""
"4002","250","SVaLZ",""
"4003","360","SVaLZ",""
"4004","400","SVaLZ",""
"4005","250","SVaLZ",""
"4006","250","SVaLZ",""
"4007","250","SVaLZ",""
"4008","250","SVaLZ",""
"4009","250","SVaLZ",""
"401","100","",""
"4010","250","SVaLZ",""
"4011","250","SVaLZ",""
"4012","250","SVaLZ",""
"4013","250","SVaLZ",""
"4014","250","SVaLZ",""
"4015","250","SVaLZ",""
"4016","250","SVaLZ",""
"4017","250","SVaLZ",""
"4020","250","SVaLZ",""
"4021","250","SVaLZ",""
"4022","250","SVaLZ",""
"4023","250","SVaLZ",""
"4024","250","SVaLZ",""
"4025","480","SVaLZ",""
"4026","250","SVaLZ",""
"4027","250","SVaLZ",""
"4028","250","SVaLZ",""
"4029","250","SVaLZ",""
"4030","250","SVaLZ",""
"4031","250","SVaLZ",""
"4032","250","SVaLZ",""
"4033","250","SVaLZ",""
"4033a","250","SVaLZ",""
"4034","250","SVaLZ",""
"4035","250","SVaLZ",""
"4036","250","SVaLZ",""
"4037","250","SVaLZ",""
"4038","1440","SVaLZ",""
"4039","250","SVaLZ",""
"4040","250","SVaLZ",""
"4041","250","SVaLZ",""
"4042","250","SVaLZ",""
"4043","250","SVaLZ",""
"4044","250","SVaLZ",""
"4045","250","SVaLZ",""
"4046","250","SVaLZ",""
"4047","250","SVaLZ",""
"4048","250","SVaLZ",""
"4049","250","SVaLZ",""
"4050","250","SVaLZ",""
"4051","250","SVaLZ",""
"4052","250","SVaLZ",""
"4053","250","SVaLZ",""
"4054","250","SVaLZ",""
"4055","250","SVaLZ",""
"4055a","250","SVaLZ",""
"4056","250","SVaLZ",""
"4057","200","SVaLZ",""
"406","100","",""
"4060","350","SVaLZ",""
"4061","350","SVaLZ",""
"4062","350","SVaLZ",""
"4063","350","SVaLZ",""
"4064","350","SVaLZ",""
"4065","350","SVaLZ",""
"4066","350","SVaLZ",""
"4067","350","SVaLZ",""
"4068","600","SVaLZ",""
"4069","720","SVaLZ",""
"407","120","",""
"4070","350","SVaLZ",""
"4070a","1200","SVaLZ",""
"4070b","1750","SVaLZ",""
"4071","350","SVaLZ",""
"4072","350","SVaLZ",""
"4073","420","SVaLZ",""
"4074","630","SVaLZ",""
"4075","350","SVaLZ",""
"4076","350","SVaLZ",""
"4077","350","SVaLZ",""
"4078","350","SVaLZ",""
"4079","350","SVaLZ",""
"4080","350","SVaLZ",""
"4081","350","SVaLZ",""
"4082","350","SVaLZ",""
"4083","350","SVaLZ",""
"4084","350","SVaLZ",""
"4085","600","SVaLZ",""
"4086","600","SVaLZ",""
"4087","350","SVaLZ",""
"4088","350","SVaLZ",""
"4090","600","SVaLZ",""
"4091","600","SVaLZ",""
"4092","600","SVaLZ",""
"4093","600","SVaLZ",""
"4094","600","SVaLZ",""
"4095","600","SVaLZ",""
"4096","600","SVaLZ",""
"4097","600","SVaLZ",""
"4098","600","SVaLZ",""
"4099","600","SVaLZ",""
"41","400","",""
"410","110","",""
"4100","600","SVaLZ",""
"4101","600","SVaLZ",""
"4102","600","SVaLZ",""
"4103","800","SVaLZ",""
"4104","600","SVaLZ",""
"4106","1050","SVaLZ",""
"4107","1050","SVaLZ",""
"4108","1050","SVaLZ",""
"4109","1050","SVaLZ",""
"4110","1050","SVaLZ",""
"4111","1050","SVaLZ",""
"4112","1050","SVaLZ",""
"4113","1050","SVaLZ",""
"4114","1050","SVaLZ",""
"4120","1220","SVaLZ",""
"4121","1220","SVaLZ",""
"4123","1220","SVaLZ",""
"4124","1220","SVaLZ",""
"4125","1220","SVaLZ",""
"4126","1220","SVaLZ",""
"4127","1220","SVaLZ",""
"4128","1220","SVaLZ",""
"4129","1220","SVaLZ",""
"4130","1220","SVaLZ",""
"4131","1220","SVaLZ",""
"4132","1220","SVaLZ",""
"4133","1220","SVaLZ",""
"4138","600","SVaLZ",""
"4139","400","SVaLZ",""
"4140","600","SVaLZ",""
"415","160","",""
"4150","200","SVaLZ",""
"4151","200","SVaLZ",""
"4152","200","SVaLZ",""
"4153","200","SVaLZ",""
"4155","400","SVaLZ",""
"4156","400","SVaLZ",""
"4157","400","SVaLZ",""
"4158","400","SVaLZ",""
"4159","300","SVaLZ",""
"4160","400","SVaLZ",""
"4161","400","SVaLZ",""
"4163","360","SVaLZ",""
"4164","360","SVaLZ",""
"4165","360","SVaLZ",""
"4166","360","SVaLZ",""
"4167","360","SVaLZ",""
"4168","360","SVaLZ",""
"4169","360","SVaLZ",""
"4170","360","SVaLZ",""
"4171","360","SVaLZ",""
"4173","600","SVaLZ",""
"4174","600","SVaLZ",""
"4175","600","SVaLZ",""
"4176","600","SVaLZ",""
"4177","600","SVaLZ",""
"4178","600","SVaLZ",""
"4179","600","SVaLZ",""
"4180","600","SVaLZ",""
"4181","600","SVaLZ",""
"4184","900","SVaLZ",""
"4185","400","SVaLZ",""
"4186","950","SVaLZ",""
"4187","750","SVaLZ",""
"4188","750","SVaLZ",""
"4189","500","SVaLZ",""
"4190","400","SVaLZ",""
"4191","1000","SVaLZ",""
"4192","1500","SVaLZ",""
"4193","1000","SVaLZ",""
"4194","300","SVaLZ",""
"4196","400","SVaLZ",""
"4197","400","SVaLZ",""
"4198","800","SVaLZ",""
"420","120","",""
"4200","200","SVaLZ",""
"4201","200","SVaLZ",""
"4202","200","SVaLZ",""
"4203","200","SVaLZ",""
"4204","200","SVaLZ",""
"4205","200","SVaLZ",""
"4206","200","SVaLZ",""
"4207","200","SVaLZ",""
"421","180","",""
"4210","600","SVaLZ",""
"4211","600","SVaLZ",""
"4212","600","SVaLZ",""
"4213","600","SVaLZ",""
"4214","600","SVaLZ",""
"4215","600","SVaLZ",""
"4216","600","SVaLZ",""
"4217","600","SVaLZ",""
"422","250","",""
"4220","800","SVaLZ",""
"4221","150","SVaLZ",""
"4222","300","SVaLZ",""
"4223","400","SVaLZ",""
"4225","250","SVaLZ",""
"4226","460","SVaLZ",""
"4227","250","SVaLZ",""
"4228","1200","SVaLZ",""
"423","150","",""
"4230","460","SVaLZ",""
"4231","1330","SVaLZ",""
"4232","900","SVaLZ",""
"4233","720","SVaLZ",""
"4234","1300","SVaLZ",""
"4235","180","SVaLZ",""
"4235a","1000","SVaLZ",""
"4235b","1000","SVaLZ",""
"4235c","1000","SVaLZ",""
"4236","700","SVaLZ",""
"4237","1600","SVaLZ",""
"4238","1600","SVaLZ",""
"4239","2200","SVaLZ",""
"4241","180","SVaLZ",""
"4242","500","SVaLZ",""
"4243","300","SVaLZ",""
"4243a","300","SVaLZ",""
"4244","400","SVaLZ",""
"4245","200","SVaLZ",""
"4246","200","SVaLZ",""
"4247","300","SVaLZ",""
"4247a","200","SVaLZ",""
"4248","200","SVaLZ",""
"425","150","",""
"4250","1500","SVaLZ",""
"4252","1000","SVaLZ",""
"4253","100","SVaLZ",""
"4300","500","SVaLZ",""
"4301","500","SVaLZ",""
"4302","500","SVaLZ",""
"4303","300","SVaLZ",""
"4310","500","SVaLZ",""
"4312","800","SVaLZ",""
"4313","500","SVaLZ",""
"4314","850","SVaLZ",""
"4315","500","SVaLZ",""
"4316","800","SVaLZ",""
"4317","600","SVaLZ",""
"4318","600","SVaLZ",""
"4319","800","SVaLZ",""
"4320","800","SVaLZ",""
"4321","600","SVaLZ",""
"4322","1000","SVaLZ",""
"4323","600","SVaLZ",""
"4324","600","SVaLZ",""
"4325","600","SVaLZ",""
"4326","600","SVaLZ",""
"4327","600","SVaLZ",""
"4328","850","SVaLZ",""
"4329","600","SVaLZ",""
"4330","600","SVaLZ",""
"4331","600","SVaLZ",""
"4332","900","SVaLZ",""
"4333","600","SVaLZ",""
"4334","500","SVaLZ",""
"4335","500","SVaLZ",""
"4341","2400","SVaLZ",""
"4342","600","SVaLZ",""
"4343","600","SVaLZ",""
"4344","600","SVaLZ",""
"4345","600","SVaLZ",""
"4346","2100","SVaLZ",""
"4347","600","SVaLZ",""
"4348","600","SVaLZ",""
"4349","600","SVaLZ",""
"4350","600","SVaLZ",""
"4351","600","SVaLZ",""
"4352","600","SVaLZ",""
"4353","900","SVaLZ",""
"4354","900","SVaLZ",""
"4355","1500","SVaLZ",""
"4355b","850","SVaLZ",""
"4356","600","SVaLZ",""
"4357","700","SVaLZ",""
"4358","600","SVaLZ",""
"4359","600","SVaLZ",""
"4360","1100","SVaLZ",""
"4361","600","SVaLZ",""
"4362","600","SVaLZ",""
"4363","600","SVaLZ",""
"4370","600","SVaLZ",""
"4371","600","SVaLZ",""
"4372","600","SVaLZ",""
"4373","600","SVaLZ",""
"4374","600","SVaLZ",""
"4375","700","SVaLZ",""
"4376","700","SVaLZ",""
"4377","600","SVaLZ",""
"4378","600","SVaLZ",""
"4379","600","SVaLZ",""
"4380","600","SVaLZ",""
"4381","600","SVaLZ",""
"4382","600","SVaLZ",""
"4383","600","SVaLZ",""
"4384","600","SVaLZ",""
"4385","600","SVaLZ",""
"4386","600","SVaLZ",""
"4387","600","SVaLZ",""
"4388","600","SVaLZ",""
"4389","600","SVaLZ",""
"4390","600","SVaLZ",""
"4390a","20000","SVaLZ",""
"4391","1200","SVaLZ",""
"4395","1800","SVaLZ",""
"4396","500","SVaLZ",""
"4397","500","SVaLZ",""
"4398","1800","SVaLZ",""
"4399","1800","SVaLZ",""
"44","600","",""
"4400","1800","SVaLZ",""
"4401","500","SVaLZ",""
"4402","500","SVaLZ",""
"4403","1800","SVaLZ",""
"4404","1800","SVaLZ",""
"4405","1800","SVaLZ",""
"4406","1800","SVaLZ",""
"4407","1800","SVaLZ",""
"4410","900","SVaLZ",""
"4411","900","SVaLZ",""
"4412","1800","SVaLZ",""
"4413","1800","SVaLZ",""
"4414","600","SVaLZ",""
"4415","600","SVaLZ",""
"4416","900","SVaLZ",""
"4417","900","SVaLZ",""
"4418","900","SVaLZ",""
"4419","900","SVaLZ",""
"4420","900","SVaLZ",""
"4421","900","SVaLZ",""
"4422","900","SVaLZ",""
"4423","900","SVaLZ",""
"4424","900","SVaLZ",""
"4425","900","SVaLZ",""
"4426","900","SVaLZ",""
"4427","900","SVaLZ",""
"4428","900","SVaLZ",""
"4429","900","SVaLZ",""
"4430","900","SVaLZ",""
"4434","1100","SVaLZ",""
"4435","1100","SVaLZ",""
"4436","1100","SVaLZ",""
"44363","900","SVaLZ","Chlamydia spp. IV., IgM protilátky"
"44364","900","SVaLZ","Chlamydia spp. VI., IgA protilátky - kvantitatívne stanovenie."
"4437","1100","SVaLZ",""
"4438","1100","SVaLZ",""
"4439","1100","SVaLZ",""
"4440","1100","SVaLZ",""
"4441","1100","SVaLZ",""
"4442","1100","SVaLZ",""
"4443","1100","SVaLZ",""
"4444","1800","SVaLZ",""
"4445","1800","SVaLZ",""
"4446","1800","SVaLZ",""
"4447","1100","SVaLZ",""
"4448","1100","SVaLZ",""
"4449","1100","SVaLZ",""
"4450","1100","SVaLZ",""
"4451","1800","SVaLZ",""
"4452","1100","SVaLZ",""
"4453","1100","SVaLZ",""
"4454","1200","SVaLZ",""
"4455","1200","SVaLZ",""
"4456","1100","SVaLZ",""
"4457","1100","SVaLZ",""
"4458","1100","SVaLZ",""
"44583","900","SVaLZ","Reumatoidný faktor (RF), skríning"
"4459","1100","SVaLZ",""
"4460","2100","SVaLZ",""
"4461","1800","SVaLZ",""
"4462","1100","SVaLZ",""
"4463","1100","SVaLZ",""
"4463a","800","SVaLZ",""
"4464","1200","SVaLZ",""
"4465","800","SVaLZ",""
"4465a","1000","SVaLZ",""
"4465b","1000","SVaLZ",""
"4466","1000","SVaLZ",""
"4467","500","SVaLZ",""
"4470","2400","SVaLZ",""
"4471","1500","SVaLZ",""
"4472","1500","SVaLZ",""
"4473","1500","SVaLZ",""
"4474","1500","SVaLZ",""
"4475","500","SVaLZ",""
"4475a","1000","SVaLZ",""
"4475b","1500","SVaLZ",""
"4475c","1500","SVaLZ",""
"4475d","1000","SVaLZ",""
"4476","1500","SVaLZ",""
"4477","1000","SVaLZ",""
"4478","1000","SVaLZ",""
"4480","2100","SVaLZ",""
"4481","1900","SVaLZ",""
"4482","2400","SVaLZ",""
"4483","2400","SVaLZ",""
"4484","2400","SVaLZ",""
"4485","2450","SVaLZ",""
"4486","2200","SVaLZ",""
"4487","600","SVaLZ",""
"4488","1500","SVaLZ",""
"4490","2300","SVaLZ",""
"4491","2300","SVaLZ",""
"4492","2300","SVaLZ",""
"4493","2300","SVaLZ",""
"4494","4000","SVaLZ",""
"4496","600","SVaLZ",""
"44a","800","",""
"44b","600","",""
"44c","600","",""
"44d","600","",""
"4503","100","SVaLZ",""
"4504","410","SVaLZ",""
"4505","200","SVaLZ",""
"4506","200","SVaLZ",""
"4507","200","SVaLZ",""
"4508","200","SVaLZ",""
"4509","200","SVaLZ",""
"4510","300","SVaLZ",""
"4511","300","SVaLZ",""
"4512","200","SVaLZ",""
"4513","200","SVaLZ",""
"4514","300","SVaLZ",""
"4515","200","SVaLZ",""
"4516","550","SVaLZ",""
"4517","200","SVaLZ",""
"4518","200","SVaLZ",""
"4519","200","SVaLZ",""
"4520","250","SVaLZ",""
"4521","250","SVaLZ",""
"4522","200","SVaLZ",""
"4523","200","SVaLZ",""
"4524","200","SVaLZ",""
"4525","200","SVaLZ",""
"4526","200","SVaLZ",""
"4530","240","SVaLZ",""
"4531","240","SVaLZ",""
"4532","240","SVaLZ",""
"4533","240","SVaLZ",""
"4534","1200","SVaLZ",""
"4535","1200","SVaLZ",""
"4536","240","SVaLZ",""
"4537","240","SVaLZ",""
"4538","600","SVaLZ",""
"4539","200","SVaLZ",""
"4540","330","SVaLZ",""
"4541","300","SVaLZ",""
"4542","600","SVaLZ",""
"4543","300","SVaLZ",""
"4544","480","SVaLZ",""
"4545","240","SVaLZ",""
"4546","420","SVaLZ",""
"4547","480","SVaLZ",""
"4548","360","SVaLZ",""
"4549","360","SVaLZ",""
"4550","1100","SVaLZ",""
"4551","1100","SVaLZ",""
"4552","480","SVaLZ",""
"4560","360","SVaLZ",""
"4561","360","SVaLZ",""
"4562","360","SVaLZ",""
"4563","360","SVaLZ",""
"4564","300","SVaLZ",""
"4566","1100","SVaLZ",""
"4567","1100","SVaLZ",""
"4568","1100","SVaLZ",""
"4569","1100","SVaLZ",""
"4570","1100","SVaLZ",""
"4571","380","SVaLZ",""
"4571A","380","","CRP pre ZP Union"
"4571AU","380","","CRP pre ZP Union"
"4571a","380","","CRP pre ZP VsZP"
"4572","380","SVaLZ",""
"4573","380","SVaLZ",""
"4575","700","SVaLZ",""
"4576","700","SVaLZ",""
"4577","700","SVaLZ",""
"4578","700","SVaLZ",""
"4579","500","SVaLZ",""
"4580","500","SVaLZ",""
"4581","500","SVaLZ",""
"4582","500","SVaLZ",""
"4583","500","SVaLZ",""
"4584","350","SVaLZ",""
"4585","500","SVaLZ",""
"4586","1500","SVaLZ",""
"4587a","500","SVaLZ",""
"4588","1500","SVaLZ",""
"4588a","3000","SVaLZ",""
"4589a","200","SVaLZ",""
"4589b","900","SVaLZ",""
"4590","200","SVaLZ",""
"4591","200","SVaLZ",""
"4592","200","SVaLZ",""
"4593","700","SVaLZ",""
"4594","200","SVaLZ",""
"4595","200","SVaLZ",""
"4596","200","SVaLZ",""
"4597","1100","SVaLZ",""
"4598","200","SVaLZ",""
"4599","200","SVaLZ",""
"4600","600","SVaLZ",""
"4601","250","SVaLZ",""
"4602","250","SVaLZ",""
"4603","250","SVaLZ",""
"4605","500","SVaLZ",""
"4607","450","SVaLZ",""
"4615","300","SVaLZ",""
"4616","400","SVaLZ",""
"4619","80","SVaLZ",""
"4621","700","SVaLZ",""
"4622","500","SVaLZ",""
"4625","500","SVaLZ",""
"4626","500","SVaLZ",""
"4627","500","SVaLZ",""
"4630","400","SVaLZ",""
"4631","400","SVaLZ",""
"4634","300","SVaLZ",""
"4636","300","SVaLZ",""
"4637","300","SVaLZ",""
"4638","300","SVaLZ",""
"4640","300","SVaLZ",""
"4641","100","SVaLZ",""
"4645","720","SVaLZ",""
"4645a","1400","SVaLZ",""
"4646","1000","SVaLZ",""
"4647","1000","SVaLZ",""
"4648","1000","SVaLZ",""
"4650","500","SVaLZ",""
"4650a","500","SVaLZ",""
"4650b","500","SVaLZ",""
"4650c","500","SVaLZ",""
"4651","500","SVaLZ",""
"4651a","500","SVaLZ",""
"4651b","500","SVaLZ",""
"4651c","500","SVaLZ",""
"4653","750","SVaLZ",""
"4653a","750","SVaLZ",""
"4654","750","SVaLZ",""
"4654a","750","SVaLZ",""
"4655","750","SVaLZ",""
"4655a","500","SVaLZ",""
"4655b","500","SVaLZ",""
"4655c","500","SVaLZ",""
"4657","750","SVaLZ",""
"4657a","300","SVaLZ",""
"4658","1400","SVaLZ",""
"4658a","1000","SVaLZ",""
"4659","1000","SVaLZ",""
"4660","1000","SVaLZ",""
"4660a","1000","SVaLZ",""
"4660b","1000","SVaLZ",""
"4660c","800","SVaLZ",""
"4660d","800","SVaLZ",""
"4660e","1000","SVaLZ",""
"4660f","500","SVaLZ",""
"4661","400","SVaLZ",""
"4661a","400","SVaLZ",""
"4662","450","SVaLZ",""
"4663","560","SVaLZ",""
"4665","140","SVaLZ",""
"4666","400","SVaLZ",""
"4667","500","SVaLZ",""
"4668","250","SVaLZ",""
"4669","450","SVaLZ",""
"4670","150","SVaLZ",""
"4671","450","SVaLZ",""
"4672","800","SVaLZ",""
"4673","150","SVaLZ",""
"4674","50","SVaLZ",""
"4680","1400","SVaLZ",""
"4680a","1400","SVaLZ",""
"4681","3500","SVaLZ",""
"4681a","200","SVaLZ",""
"4682","2400","SVaLZ",""
"4683","800","SVaLZ",""
"4684","750","SVaLZ",""
"4685","400","SVaLZ",""
"4686","2500","SVaLZ",""
"4686a","3000","SVaLZ",""
"4687","10","SVaLZ",""
"4688","1200","SVaLZ",""
"4689","750","SVaLZ",""
"4691","4500","SVaLZ",""
"4692","2200","SVaLZ",""
"4693","2000","SVaLZ",""
"4693a","2000","SVaLZ",""
"4693b","1000","SVaLZ",""
"4698","40000","SVaLZ",""
"4699","10000","SVaLZ",""
"4699a","1500","SVaLZ",""
"4699b","30000","SVaLZ",""
"4700","150","SVaLZ",""
"4701","180","SVaLZ",""
"4701a","250","SVaLZ",""
"4701b","400","SVaLZ",""
"4701c","200","SVaLZ",""
"4701d","250","SVaLZ",""
"4701f","200","SVaLZ",""
"4702","70","SVaLZ",""
"4703","200","SVaLZ",""
"4703a","250","SVaLZ",""
"4703b","3000","SVaLZ",""
"4704","100","SVaLZ",""
"4704a","350","SVaLZ","Priamy AGH test stĺpcovou aglutináciou za každé antisérum"
"4704b","1600","SVaLZ","Priamy AGH test stanovenie podtried IgG stĺpcovou aglutináciou"
"4705","100","SVaLZ",""
"4706","120","SVaLZ",""
"4707","170","SVaLZ",""
"4710","170","SVaLZ",""
"4710a","150","SVaLZ",""
"4711","180","SVaLZ",""
"4711a","400","SVaLZ","Skríning protilátok nepriamym AGH testom stĺpcovou aglutináciou"
"4712","750","SVaLZ",""
"4712a","1900","SVaLZ","Identifikácia antierytrocytových protilátok stĺpcovou aglutináciou"
"4713","160","SVaLZ",""
"4714","160","SVaLZ",""
"4714a","200","SVaLZ",""
"4716","500","SVaLZ",""
"4718","160","SVaLZ",""
"4719","200","SVaLZ",""
"4720","160","SVaLZ",""
"4729","200","SVaLZ",""
"4730","160","SVaLZ",""
"4731","160","SVaLZ",""
"4731a","700","SVaLZ",""
"4731b","1200","SVaLZ",""
"4731c","1200","SVaLZ",""
"4731d","1200","SVaLZ",""
"4732","160","SVaLZ",""
"4733","140","SVaLZ",""
"4734","120","SVaLZ",""
"4735","110","SVaLZ",""
"4736","220","SVaLZ",""
"4736a","200","SVaLZ","Vyšetrenie kompatibility transfúzneho prípravku obsahujúceho erytrocyty stĺpcovou aglutináciou"
"4737","150","SVaLZ",""
"4740","200","SVaLZ",""
"4741","400","SVaLZ",""
"4742","400","SVaLZ",""
"4743","500","SVaLZ",""
"4744","2500","SVaLZ",""
"4745","400","SVaLZ",""
"4750","80","SVaLZ",""
"4750a","350","SVaLZ",""
"4751","150","SVaLZ",""
"4752","250","SVaLZ",""
"4753","50","SVaLZ",""
"4753a","400","SVaLZ",""
"4754","300","SVaLZ",""
"4755","220","SVaLZ",""
"4756","220","SVaLZ",""
"4757","220","SVaLZ",""
"4758","220","SVaLZ",""
"4759","220","SVaLZ",""
"4760","220","SVaLZ",""
"4761","220","SVaLZ",""
"4762","250","SVaLZ",""
"4763","600","SVaLZ",""
"4764","400","SVaLZ",""
"4765","350","SVaLZ",""
"4766","300","SVaLZ",""
"4767","300","SVaLZ",""
"4768","300","SVaLZ",""
"4769","300","SVaLZ",""
"4771","300","SVaLZ",""
"4772","320","SVaLZ",""
"4773","500","SVaLZ",""
"4776","500","SVaLZ",""
"4776a","750","SVaLZ",""
"4777","800","SVaLZ",""
"4778a","800","SVaLZ",""
"4778b","900","SVaLZ",""
"4779","600","SVaLZ",""
"4780","600","SVaLZ",""
"4781","500","SVaLZ",""
"4781a","1100","SVaLZ",""
"4781b","2000","SVaLZ",""
"4781c","2000","SVaLZ",""
"4781d","500","SVaLZ",""
"4781e","3000","SVaLZ",""
"4781f","3500","SVaLZ",""
"4782","20000","SVaLZ",""
"4784","450","SVaLZ",""
"4785","1200","SVaLZ",""
"4787","100","SVaLZ",""
"4788","160","SVaLZ",""
"4789","500","SVaLZ",""
"4789a","500","SVaLZ",""
"4789b","200","SVaLZ",""
"4789c","200","SVaLZ",""
"4789d","250","SVaLZ",""
"4789e","250","SVaLZ",""
"4789f","300","SVaLZ",""
"4789g","250","SVaLZ",""
"4789h","180","SVaLZ",""
"4789i","300","SVaLZ",""
"4789j","1200","SVaLZ",""
"4789k","350","SVaLZ",""
"4789l","400","SVaLZ",""
"4789m","450","SVaLZ",""
"4789n","1000","SVaLZ",""
"4789o","350","SVaLZ",""
"4789p","350","SVaLZ",""
"4789r","2500","SVaLZ",""
"4800","150","SVaLZ",""
"4801","500","SVaLZ",""
"4801a","200","SVaLZ",""
"4803","200","SVaLZ",""
"4804","100","SVaLZ",""
"4805","300","SVaLZ",""
"4806","100","SVaLZ",""
"4807a","700","SVaLZ",""
"4807b","800","SVaLZ",""
"4807c","800","SVaLZ",""
"4807d","0","SVaLZ",""
"4807e","1200","SVaLZ",""
"4807g","1500","SVaLZ",""
"4807h","1500","SVaLZ",""
"4808","700","SVaLZ",""
"4809","1200","SVaLZ",""
"4811","1500","SVaLZ",""
"4812","3500","SVaLZ",""
"4813","3500","SVaLZ",""
"4815","150","SVaLZ",""
"4816","500","SVaLZ",""
"4817","300","SVaLZ",""
"4818","150","SVaLZ",""
"4819","120","SVaLZ",""
"4820","250","SVaLZ",""
"4821","50","SVaLZ",""
"4822","50","SVaLZ",""
"4830","150","SVaLZ",""
"4831","300","SVaLZ",""
"4832","700","SVaLZ",""
"4833","120","SVaLZ",""
"4834","120","SVaLZ",""
"4835","60","SVaLZ",""
"4836","800","SVaLZ",""
"4837","150","SVaLZ",""
"4838","200","SVaLZ",""
"4839","700","SVaLZ",""
"4843","300","SVaLZ",""
"4844","50","SVaLZ",""
"4846","50","SVaLZ",""
"4847","50","SVaLZ",""
"4850","50","SVaLZ",""
"4851","60","SVaLZ",""
"4852","100","SVaLZ",""
"4853","250","SVaLZ",""
"4854","200","SVaLZ",""
"4855","300","SVaLZ",""
"4856","600","SVaLZ",""
"4857","200","SVaLZ",""
"4858","80","SVaLZ",""
"4860","120","SVaLZ",""
"4861","200","SVaLZ",""
"4862","1000","SVaLZ",""
"4870","430","SVaLZ",""
"4871","750","SVaLZ",""
"4872","900","SVaLZ",""
"4873","650","SVaLZ",""
"4874","850","SVaLZ",""
"4875","850","SVaLZ",""
"4876","670","SVaLZ",""
"4877","650","SVaLZ",""
"4877a","180","SVaLZ",""
"4877b","100","SVaLZ",""
"4878","880","SVaLZ",""
"4879","1200","SVaLZ",""
"4879a","400","SVaLZ",""
"4879b","150","SVaLZ",""
"4879c","400","SVaLZ",""
"4879d","500","SVaLZ",""
"4879e","300","SVaLZ",""
"4879f","500","SVaLZ",""
"4879g","300","SVaLZ",""
"4879h","400","SVaLZ",""
"4879i","600","SVaLZ",""
"4879j","120","SVaLZ",""
"4880","150","SVaLZ",""
"4881","1200","SVaLZ",""
"4882","520","SVaLZ",""
"4883","520","SVaLZ",""
"4884","400","SVaLZ",""
"4885","1600","SVaLZ",""
"4886","2000","SVaLZ",""
"4887","800","SVaLZ",""
"4888","600","SVaLZ",""
"4889","800","SVaLZ",""
"4890","400","SVaLZ",""
"4891","450","SVaLZ",""
"4891a","800","SVaLZ",""
"4892","1200","SVaLZ",""
"4892a","1200","SVaLZ",""
"4892b","1200","SVaLZ",""
"4892c","1750","SVaLZ",""
"4893","1100","SVaLZ",""
"4893a","1500","SVaLZ",""
"4894","1150","SVaLZ",""
"4894a","1300","SVaLZ",""
"4895","1250","SVaLZ",""
"4895a","1375","SVaLZ",""
"4896","1350","SVaLZ",""
"4896a","1850","SVaLZ",""
"4897","1250","SVaLZ",""
"4897a","1375","SVaLZ",""
"4898","1500","SVaLZ",""
"4898a","1900","SVaLZ",""
"4898b","2000","SVaLZ",""
"4899","1500","SVaLZ",""
"4899a","1850","SVaLZ",""
"4899b","220","SVaLZ",""
"4899c","220","SVaLZ",""
"4899d","220","SVaLZ",""
"4900","900","SVaLZ",""
"4902","1350","SVaLZ",""
"4905","1100","SVaLZ",""
"4906","1400","SVaLZ",""
"4907","1000","SVaLZ",""
"4908","550","SVaLZ",""
"4909","1000","SVaLZ",""
"4910","1200","SVaLZ",""
"4911","2700","SVaLZ",""
"4911a","4500","SVaLZ",""
"4912","3150","SVaLZ",""
"4913","4000","SVaLZ",""
"4914","1600","SVaLZ",""
"4915","1500","SVaLZ",""
"4916","1800","SVaLZ",""
"4917","2700","SVaLZ",""
"4918","650","SVaLZ",""
"4919","350","SVaLZ",""
"4919a","1700","SVaLZ",""
"4919b","3050","SVaLZ",""
"4920","500","SVaLZ",""
"4921","360","SVaLZ",""
"4922","1500","SVaLZ",""
"4923","1600","SVaLZ",""
"4924","1500","SVaLZ",""
"4925","1600","SVaLZ",""
"4926","1600","SVaLZ",""
"4927","1800","SVaLZ",""
"4928","1600","SVaLZ",""
"4929","1800","SVaLZ",""
"4930","1500","SVaLZ",""
"4931","1800","SVaLZ",""
"4950","140","SVaLZ",""
"4951","170","SVaLZ",""
"4952","700","SVaLZ",""
"4953","800","SVaLZ",""
"4954","900","SVaLZ",""
"4955","1000","SVaLZ",""
"4956","1400","SVaLZ",""
"4957","1000","SVaLZ",""
"4970","1600","SVaLZ",""
"4971","1900","SVaLZ",""
"4972","7500","SVaLZ",""
"4974","7500","SVaLZ",""
"4975","11000","SVaLZ",""
"4976","11000","SVaLZ",""
"4977","7500","SVaLZ",""
"4978","2600","SVaLZ",""
"4979","3500","SVaLZ",""
"4980","3500","SVaLZ",""
"4980a","2000","SVaLZ",""
"4981","1900","SVaLZ",""
"4982","2000","SVaLZ",""
"4984","900","SVaLZ",""
"4986","3500","SVaLZ",""
"4986a","1600","SVaLZ",""
"4987","250","SVaLZ",""
"4990","2500","SVaLZ",""
"4991","700","SVaLZ",""
"4992","6000","SVaLZ",""
"4993","6000","SVaLZ",""
"4994","14000","SVaLZ",""
"4995","9900","SVaLZ",""
"4H00001","1000","","Spirografické vyšetrenie na stanovenie exspiračných a inspiračných parametrov (vitálna  kapacita, úsilný výdych za prvú sekundu, prietoky na rôznych úrovniach vitálnej kapacity) metódou krivky prietok - objem, vrátane grafickej registrácie. Pri výkone pod kódom 5766 sa výkon pod kódom  5765 nemôže vykazovať. Výkon môže vykazovať pneumológ, pediatrický pneumológ, imunológ a alergológ. "
"4H00004","2000","","Stanovenie difúznej kapacity pľúc jednodychovou metódou. Výkon môže vykazovať pneumológ."
"4H00005","1750","","Stanovenie difúznej kapacity pľúc metódou rovnovážneho stavu. Výkon môže vykazovať pneumológ."
"4L03003","1600","","Cystoskopia optickým flexibilným cystoskopom"
"4L03004","1600","","Cystoskopia digitálnym flexibilným cystoskopom"
"4a","80","",""
"5","350","",""
"5000","160","SVaLZ",""
"5001","400","SVaLZ",""
"5002","500","SVaLZ",""
"5003","650","SVaLZ",""
"5004","100","SVaLZ",""
"5010","800","SVaLZ",""
"5011","500","SVaLZ",""
"5012","300","SVaLZ",""
"5015","500","SVaLZ",""
"5016","700","SVaLZ",""
"5020","650","SVaLZ",""
"5021","350","SVaLZ",""
"5022","800","SVaLZ",""
"5022R","800","","RTG ramenných kľbov"
"5023","300","SVaLZ",""
"5024","500","SVaLZ",""
"5025","800","SVaLZ",""
"5029b","500","SVaLZ",""
"503","80","",""
"5030","700","SVaLZ",""
"5031","1300","SVaLZ",""
"5032","1300","SVaLZ",""
"5033","400","SVaLZ",""
"5035","2400","SVaLZ",""
"503a","80","SVaLZ",""
"504","300","",""
"504a","540","SVaLZ",""
"505","650","",""
"5050","650","SVaLZ",""
"5051","500","SVaLZ",""
"5051R","500","","Hrudné orgány- Rtg pľúc"
"5052","700","SVaLZ",""
"5053","1500","SVaLZ",""
"5056","500","SVaLZ",""
"5060","500","SVaLZ",""
"5061","600","SVaLZ",""
"5062","500","SVaLZ",""
"5065","800","SVaLZ",""
"507","400","",""
"5070","2200","SVaLZ",""
"5071","4500","SVaLZ",""
"5072","550","SVaLZ",""
"5075","5700","SVaLZ",""
"5076","6200","SVaLZ",""
"5077","1500","SVaLZ",""
"508","220","",""
"5080","2200","SVaLZ",""
"5081","1800","SVaLZ",""
"5082","2000","SVaLZ",""
"5083","2000","SVaLZ",""
"509","220","",""
"5090","3000","SVaLZ",""
"5092","1500","SVaLZ",""
"5092.DO10","1500","SVaLZ","Mamografia bilaterálna (štandardná mamografia - v dvoch projekciách každý prsník aj so zobrazením axíl)"
"5092a","800","SVaLZ",""
"5092a.DO10","1500","SVaLZ","Mamografia unilaterálna - v dvoch projekciách so zobrazením axily"
"5092c","1500","SVaLZ",""
"5093","2200","SVaLZ",""
"5095","1800","SVaLZ",""
"509a","220","SVaLZ",""
"510","150","",""
"5100","24000","SVaLZ",""
"5101","22000","SVaLZ",""
"5102","22000","SVaLZ",""
"5103","20000","SVaLZ",""
"5104","25000","SVaLZ",""
"5106","18000","SVaLZ",""
"5108","2900","SVaLZ",""
"510a","150","SVaLZ",""
"511","350","",""
"5110","22000","SVaLZ",""
"5111","25000","SVaLZ",""
"5112","27000","SVaLZ",""
"511a","350","SVaLZ",""
"512","130","SVaLZ",""
"5120","20000","SVaLZ",""
"5121","25000","SVaLZ",""
"5122","27000","SVaLZ",""
"513","250","SVaLZ",""
"5130","4000","SVaLZ",""
"5131a","32000","SVaLZ",""
"5131b","32000","SVaLZ",""
"5131c","32000","SVaLZ",""
"5131d","32000","SVaLZ",""
"5131e","32000","SVaLZ",""
"5131f","40000","SVaLZ",""
"5131g","40000","SVaLZ",""
"5131h","40000","SVaLZ",""
"5131i","40000","SVaLZ",""
"5131j","40000","SVaLZ",""
"5131k","42000","SVaLZ",""
"5134","50000","SVaLZ",""
"5135a","32000","SVaLZ",""
"5135b","40000","SVaLZ",""
"5136a","30000","SVaLZ",""
"5136b","40000","SVaLZ",""
"5137","30000","SVaLZ",""
"5138","10000","SVaLZ",""
"5139","35000","SVaLZ",""
"5139a","15000","SVaLZ",""
"5139b","50000","SVaLZ",""
"5139c","45000","SVaLZ",""
"5139d","40000","SVaLZ",""
"5139e","30000","SVaLZ",""
"5139f","45000","SVaLZ",""
"5139g","15000","SVaLZ",""
"5139h","10000","SVaLZ",""
"514","450","",""
"5140","30000","SVaLZ",""
"5140a","40000","SVaLZ",""
"5140b","42000","SVaLZ",""
"5140c","35000","SVaLZ",""
"5140d","35000","SVaLZ",""
"5140e","35000","SVaLZ",""
"5141a","30000","SVaLZ",""
"5142","30000","SVaLZ",""
"5143","15000","SVaLZ",""
"5143a","15000","SVaLZ",""
"5143b","20000","SVaLZ",""
"5144","10000","SVaLZ",""
"5145a","55000","SVaLZ",""
"5145b","55000","SVaLZ",""
"5145c","60000","SVaLZ",""
"5145d","50000","SVaLZ",""
"5146","49000","SVaLZ",""
"5146a","30000","SVaLZ",""
"5147a","50000","SVaLZ",""
"5147b","40000","SVaLZ",""
"5147c","40000","SVaLZ",""
"5147d","35000","SVaLZ",""
"5147e","40000","SVaLZ",""
"5147f","20000","SVaLZ",""
"5148a","13000","SVaLZ",""
"5148b","20000","SVaLZ",""
"5148c","30000","SVaLZ",""
"5148d","25000","SVaLZ",""
"5148e","30000","SVaLZ",""
"5148f","25000","SVaLZ",""
"5148g","70000","SVaLZ",""
"5149","15000","SVaLZ",""
"5149a","16000","SVaLZ",""
"5149b","20000","SVaLZ",""
"514a","450","SVaLZ",""
"515","60","SVaLZ",""
"5150","13000","SVaLZ",""
"5150a","10000","SVaLZ",""
"5151","6400","SVaLZ",""
"5151a","8000","SVaLZ",""
"5152a","10000","SVaLZ",""
"5152b","10000","SVaLZ",""
"5152c","10000","SVaLZ",""
"5152d","12000","SVaLZ",""
"5152e","10000","SVaLZ",""
"5153a","5000","SVaLZ",""
"5153b","4000","SVaLZ",""
"5154","15000","SVaLZ",""
"5154a","25000","SVaLZ",""
"5155","15000","SVaLZ",""
"5156","6400","SVaLZ",""
"5156a","25000","SVaLZ",""
"5157","25000","SVaLZ",""
"5157a","20000","SVaLZ",""
"5158","25000","SVaLZ",""
"5158a","25000","SVaLZ",""
"5158b","20000","SVaLZ",""
"5158c","20000","SVaLZ",""
"5159","600","SVaLZ",""
"516","180","SVaLZ",""
"5160","700","SVaLZ",""
"5161","650","SVaLZ",""
"5165","400","SVaLZ",""
"517","70","SVaLZ",""
"518","350","SVaLZ",""
"519","130","SVaLZ",""
"520","80","SVaLZ",""
"5200","15000","SVaLZ",""
"5201","14000","SVaLZ",""
"5202","18000","SVaLZ",""
"5203","18000","SVaLZ",""
"5204","16000","SVaLZ",""
"5204a","36000","SVaLZ",""
"5204b","54000","SVaLZ",""
"5204c","40000","SVaLZ",""
"5204d","10000","SVaLZ",""
"5204e","13000","SVaLZ",""
"5205","3500","SVaLZ",""
"5206","20000","SVaLZ",""
"5206a","7000","SVaLZ",""
"5206b","15000","SVaLZ",""
"5207","8000","SVaLZ",""
"5207a","12000","SVaLZ",""
"5208","15000","SVaLZ",""
"5209","30000","SVaLZ",""
"521","80","SVaLZ",""
"5210","8000","SVaLZ",""
"5211","20000","SVaLZ",""
"5212","20000","SVaLZ",""
"5212a","20000","SVaLZ",""
"522","290","SVaLZ",""
"523","80","",""
"523a","145","SVaLZ",""
"524","400","SVaLZ",""
"530","180","SVaLZ",""
"5300","1700","SVaLZ",""
"5301","600","SVaLZ",""
"5302","1000","SVaLZ",""
"5303","1000","SVaLZ",""
"5304","1200","SVaLZ",""
"5305","1200","SVaLZ",""
"5306","1100","SVaLZ",""
"5307","1000","SVaLZ",""
"5307a","800","SVaLZ",""
"5308","1500","SVaLZ",""
"5308.DO10","1500","SVaLZ","Ultrazvukové vyšetrenie obidvoch prsníkov, axíl a regionálnych lymfatických uzlín."
"5309","1200","SVaLZ",""
"5309a","200","SVaLZ",""
"5309b","300","SVaLZ",""
"531","220","SVaLZ",""
"5310","1400","SVaLZ",""
"5311","1400","SVaLZ",""
"5312","1000","SVaLZ",""
"5313","1400","SVaLZ",""
"5314","3500","SVaLZ",""
"5315","1000","SVaLZ",""
"5316","1500","SVaLZ",""
"5317","1500","SVaLZ",""
"5318","1000","SVaLZ",""
"532","300","SVaLZ",""
"533","450","",""
"5330","2200","SVaLZ",""
"5331","5400","SVaLZ",""
"5332","2000","SVaLZ",""
"5333","1000","SVaLZ",""
"533a","450","SVaLZ","""s"
"534","80","SVaLZ",""
"535","100","SVaLZ",""
"536","150","SVaLZ",""
"540","180","SVaLZ",""
"5400","3500","SVaLZ",""
"5401","8000","SVaLZ",""
"5401a","8000","SVaLZ",""
"5402","6000","SVaLZ",""
"5402a","3500","SVaLZ",""
"5405","4000","SVaLZ",""
"5406","4500","SVaLZ",""
"5407","5000","SVaLZ",""
"541","350","SVaLZ",""
"5410","8300","SVaLZ",""
"5411","8000","SVaLZ",""
"5411a","10000","SVaLZ",""
"5413","5000","SVaLZ",""
"5414","5000","SVaLZ",""
"5415","7000","SVaLZ",""
"5416","6000","SVaLZ",""
"5417","4000","SVaLZ",""
"5418","3200","SVaLZ",""
"5419","6300","SVaLZ",""
"542","300","SVaLZ",""
"5420","4200","SVaLZ",""
"5421","2500","SVaLZ",""
"5425","3500","SVaLZ",""
"5426","4000","SVaLZ",""
"5427","5600","SVaLZ",""
"543","400","SVaLZ",""
"5430","2600","SVaLZ",""
"5431","2500","SVaLZ",""
"5432","2500","SVaLZ",""
"5433","6000","SVaLZ",""
"5434","5500","SVaLZ",""
"5435","5700","SVaLZ",""
"5435a","8000","SVaLZ",""
"5439","4000","SVaLZ",""
"544","80","",""
"5440","3600","SVaLZ",""
"5442","6500","SVaLZ",""
"5445","2000","SVaLZ",""
"5446","4500","SVaLZ",""
"5447","2000","SVaLZ",""
"5448","2500","SVaLZ",""
"5449","4000","SVaLZ",""
"544A","","!",""
"544A.A","80","","Liečba chladom  II. Ochladzovanie jednej  časti tela lokálnym použitím (10-krát). a) ľadu, gélu "
"544A.B","100","","Liečba chladom  II. Ochladzovanie jednej  časti tela lokálnym použitím (10-krát). b) plynom"
"5450","3500","SVaLZ",""
"5450a","5000","SVaLZ",""
"5451","3400","SVaLZ",""
"5452","3600","SVaLZ",""
"5453","3500","SVaLZ",""
"5454","4200","SVaLZ",""
"5458","2000","SVaLZ",""
"5459","3000","SVaLZ",""
"546","","!",""
"546.A","100","","Liečba   chladom  II.  Ochladzovanie  trupu  alebo viacerých častí tela použitím a) ľadu, gélu"
"546.B","180","","Liečba   chladom  II.  Ochladzovanie  trupu  alebo viacerých častí tela použitím b) plynu"
"5460","3500","SVaLZ",""
"5461","3800","SVaLZ",""
"5462","2100","SVaLZ",""
"5463","3600","SVaLZ",""
"5464","3100","SVaLZ",""
"547","60","",""
"5470","3500","SVaLZ",""
"5471","5900","SVaLZ",""
"5472","6500","SVaLZ",""
"5472a","6500","SVaLZ",""
"5473","7000","SVaLZ",""
"5474","4800","SVaLZ",""
"5475","6000","SVaLZ",""
"5476","7000","SVaLZ",""
"5477","8000","SVaLZ",""
"5478","3000","SVaLZ",""
"5478a","15000","SVaLZ",""
"5478b","8000","SVaLZ",""
"5479","2800","SVaLZ",""
"5479a","5000","SVaLZ",""
"547a","105","SVaLZ",""
"548","360","SVaLZ",""
"5480","50000","SVaLZ",""
"5480a","35000","SVaLZ",""
"5481","15000","SVaLZ",""
"5481a","10000","SVaLZ",""
"5481b","20000","SVaLZ",""
"5481c","45000","SVaLZ",""
"5485","100","SVaLZ",""
"5486","140","SVaLZ",""
"5488","350","SVaLZ",""
"5489","500","SVaLZ",""
"549","50","SVaLZ",""
"5490","700","SVaLZ",""
"5491","900","SVaLZ",""
"5492","3600","SVaLZ",""
"5493","2500","SVaLZ",""
"5494","1500","SVaLZ",""
"5495","2100","SVaLZ",""
"5496","2800","SVaLZ",""
"5497","5000","SVaLZ",""
"5498a","3000","SVaLZ",""
"5498b","7000","SVaLZ",""
"5498c","7000","SVaLZ",""
"5498d","6000","SVaLZ",""
"550","150","SVaLZ",""
"5500","7000","SVaLZ",""
"5502","12500","SVaLZ",""
"5503","450","SVaLZ",""
"5504","5000","SVaLZ",""
"5505","12000","SVaLZ",""
"5506","7000","SVaLZ",""
"5507","7000","SVaLZ",""
"5508","20000","SVaLZ",""
"5509","700","SVaLZ",""
"551","450","SVaLZ",""
"5510","680","SVaLZ",""
"5511","20000","SVaLZ",""
"555","270","",""
"555a","490","SVaLZ",""
"556","270","",""
"556a","490","SVaLZ",""
"557","270","SVaLZ",""
"558","450","SVaLZ",""
"559","300","SVaLZ",""
"560","350","SVaLZ",""
"5600","30000","SVaLZ",""
"5605","30000","SVaLZ",""
"5605a","30000","SVaLZ",""
"561","220","",""
"5610","30000","SVaLZ",""
"5611","30000","SVaLZ",""
"5611a","30000","SVaLZ",""
"5611b","30000","SVaLZ",""
"5611c","50000","SVaLZ",""
"5612","25000","SVaLZ",""
"5612a","20000","SVaLZ",""
"5612b","15000","SVaLZ",""
"5612c","30000","SVaLZ",""
"5612d","25000","SVaLZ",""
"5612e","20000","SVaLZ",""
"5613","17000","SVaLZ",""
"561a","400","SVaLZ",""
"562","130","",""
"562a","130","SVaLZ",""
"565","280","SVaLZ",""
"566","320","SVaLZ",""
"567","280","SVaLZ",""
"568","120","",""
"570","240","SVaLZ",""
"5700","290","SVaLZ",""
"5701","0","SVaLZ",""
"5702","550","SVaLZ",""
"5702C","500","","Elektrokardiografické (EKG) vyšetrenie, štandardné 12-zvodové zosnímanie - certifikovaný. Výkon môže vykonávať kardiológ, angiológ, internista."
"5702P","550","","Elektrokardiografické (EKG) vyšetrenie, štandardné 12-zvodové zosnímanie. Výkon môže vykonávať kardiológ, angiológ, internista."
"5702R","550","","EKG"
"5702Z","0","","Elektrokardiografické (EKG) vyšetrenie, štandardné 12-zvodové zosnímanie ako súčasť predoperačného vyšetrenia. Nutná kombinácia s výkonom 60b."
"5702ZV","0","","Elektrokardiografické (EKG) vyšetrenie, štandardné 12-zvodové zosnímanie ako súčasť predoperačného vyšetrenia. Nutná kombinácia s výkonom 60b."
"5702a","150","SVaLZ",""
"5703","60","SVaLZ",""
"5704","450","SVaLZ",""
"5707","650","SVaLZ",""
"5708","750","SVaLZ",""
"5708R","750","","Ergometria a popis"
"5709","500","SVaLZ",""
"5710","220","SVaLZ",""
"5711","1500","SVaLZ",""
"5712","2200","SVaLZ",""
"5713","500","SVaLZ",""
"5714","450","SVaLZ",""
"5715","750","SVaLZ",""
"5716","240","SVaLZ",""
"5717","330","SVaLZ",""
"5718","180","SVaLZ",""
"5719","450","SVaLZ",""
"5720","360","SVaLZ",""
"5721","130","SVaLZ",""
"5722","750","SVaLZ",""
"5723","450","SVaLZ",""
"5724","600","SVaLZ",""
"5725","1200","SVaLZ",""
"5727","250","SVaLZ",""
"5728","230","SVaLZ",""
"5729","300","SVaLZ",""
"573","35","SVaLZ",""
"5730","300","SVaLZ",""
"5731","400","SVaLZ",""
"5732","500","SVaLZ",""
"5734","200","SVaLZ",""
"5735","600","SVaLZ",""
"5736","200","SVaLZ",""
"5737","350","SVaLZ",""
"5738","2200","SVaLZ",""
"5739","2200","SVaLZ",""
"574","50","SVaLZ",""
"5740","1200","SVaLZ",""
"5741","3000","SVaLZ",""
"5742","2000","SVaLZ",""
"5743","500","SVaLZ",""
"5744","1400","SVaLZ",""
"5745","1200","SVaLZ",""
"5745a","450","SVaLZ",""
"5745b","400","SVaLZ",""
"5746","1500","SVaLZ",""
"5746a","500","SVaLZ",""
"5746b","500","SVaLZ",""
"5747","1100","SVaLZ",""
"5747a","500","SVaLZ",""
"5748","1000","SVaLZ",""
"5749","1000","SVaLZ",""
"575","80","SVaLZ",""
"5750","2000","SVaLZ",""
"5751","400","SVaLZ",""
"5752","900","SVaLZ",""
"5753","2000","SVaLZ",""
"5754","300","SVaLZ",""
"576","130","SVaLZ",""
"5765","150","SVaLZ",""
"5766","500","SVaLZ",""
"5766R","500","","Spirometria a popis"
"5767","400","SVaLZ",""
"5768","1600","SVaLZ",""
"5769","1700","SVaLZ",""
"577","35","SVaLZ",""
"5770","1700","SVaLZ",""
"5771","700","SVaLZ",""
"5772","1100","SVaLZ",""
"5773","1400","SVaLZ",""
"5774","300","SVaLZ",""
"5775","1400","SVaLZ",""
"5776","400","SVaLZ",""
"5778","600","SVaLZ",""
"5779","400","SVaLZ",""
"578","400","",""
"5781","500","SVaLZ",""
"5782","650","SVaLZ",""
"5783","700","SVaLZ",""
"579","1500","SVaLZ",""
"5791","910","SVaLZ",""
"5793","1365","SVaLZ",""
"5794","1635","SVaLZ","Elektroencefalografické vyšetrenie dieťaťa do 8 roku života vrátane prípadných provokácií. Výkon zahŕňa aj vyhodnotenie a popis."
"5795","1635","SVaLZ",""
"5796","1365","SVaLZ",""
"5797","160","SVaLZ",""
"5799","1090","SVaLZ",""
"5801","340","SVaLZ",""
"5802","400","SVaLZ",""
"5804","3000","SVaLZ",""
"5807","700","SVaLZ",""
"5808","600","SVaLZ",""
"5809","1400","SVaLZ",""
"584","35","SVaLZ",""
"585","250","SVaLZ",""
"586","400","SVaLZ",""
"587","300","SVaLZ",""
"588","120","SVaLZ",""
"6","400","",""
"60","350","",""
"600","450","",""
"6000","300","SVaLZ",""
"6001","1000","SVaLZ",""
"6002","1000","SVaLZ",""
"6003","400","SVaLZ",""
"6003a","350","SVaLZ",""
"6003b","150","SVaLZ",""
"601","250","",""
"6010","650","SVaLZ",""
"6011","1200","SVaLZ",""
"6012","1000","SVaLZ",""
"6013","650","SVaLZ",""
"6014","1150","SVaLZ",""
"6016","1000","SVaLZ",""
"602","360","",""
"6020","650","SVaLZ",""
"6025","500","SVaLZ",""
"603","275","",""
"6030","500","SVaLZ",""
"603B","100","",""
"603a","150","",""
"604","410","",""
"6040","650","SVaLZ",""
"604A","825","",""
"605","110","",""
"6050","500","SVaLZ",""
"606","250","",""
"6060","650","SVaLZ",""
"607","1100","",""
"6070","650","SVaLZ",""
"607A","250","",""
"608","410","",""
"6080","650","SVaLZ",""
"608A","130","",""
"609","410","",""
"6090","700","SVaLZ",""
"609A","250","",""
"60U","350","",""
"60U","","","Equivalent výkonu 60 pre UA utečencov"
"60a","500","",""
"60b","0","","Komplexné  predoperačné  vyšetrenie  vrátane  odberov  krvi,  zhodnotenia laboratórnych  a pristrojových  vyšetrení.  Výkon  možno vykazovať iba  raz v rámci jednej  operácie  pri  dodržani odborného  usmernenia MZ SR. Výkon  sa  vykazuje samostatne  s di"
"60e","600","",""
"60h","800","",""
"60r","420","",""
"61","600","",""
"610","165","",""
"611","100","",""
"612","200","",""
"612A","70","",""
"613","140","",""
"614","200","",""
"615","660","",""
"616","610","",""
"617","1800","",""
"618","1500","",""
"62","250","",""
"62.CIEV","250","soc","Cielené vyšetrenie dvoch alebo viacerých organových systémov, popis subjektívnych obtiaží, objektívny nález, zhodnotenie výsledkov, vypísanie správy, záver, ak vyšetrenie trvá viac ako 20 minút."
"620","230","",""
"620a","500","",""
"621","500","",""
"622","800","",""
"623","600","",""
"625","500","",""
"625a","400","",""
"625b","400","",""
"627","700","",""
"627a","1000","",""
"629","450","",""
"629a+AGTC","","","Skríningový antigénový test SARS-CoV-2 + AGTC"
"629b+AGTC","","","Skríningový antigénový test SARS-CoV-2 imunoflorescenčnou metódou + AGTC"
"62U","","","Equivalent výkonu 62 pre UA utečencov"
"63","200","",""
"63.KOIV","200","soc","Vyšetrenie obsahuje subjektívny, objektívny nález, zhodnotenie výsledkov, záver, písomnú správu, poučenie pacienta.  "
"63.ODBV","200","soc","Dôkladné vyšetrenie jedného orgánového systému alebo kontrolné vyšetrenie vrátane rád a dokumentácie, ak vyšetrenie trvá dlhšie ako 15 minút. "
"631","400","",""
"639","250","",""
"63R","200","","Neurologické vyšetrenie orientačné"
"63U","","","Equivalent výkonu 63 pre UA utečencov"
"63a","100","",""
"64","70","",""
"643","200","",""
"644","750","",""
"645","200","",""
"646","330","",""
"647","550","",""
"648","800","",""
"649","1500","",""
"65","100","",""
"650","130","",""
"651","160","",""
"652","50","",""
"653","150","",""
"654","135","",""
"655","130","",""
"656","170","",""
"657","380","",""
"66","160","",""
"660","170","",""
"661","220","",""
"663","500","",""
"664","300","",""
"666","300","",""
"667","350","",""
"667a","600","",""
"67","100","",""
"670","220","",""
"671","380","",""
"673","280","",""
"675","300","",""
"67U","100","",""
"685","280","",""
"689","450","",""
"690","60","",""
"691","250","",""
"70","50","",""
"70U","50","",""
"70b","40","",""
"71","35","",""
"71.CHZP","35","soc","Vystavenie tlačiva Hlásenie choroby z povolania."
"71.DPN","35","soc","Vystavenie potvrdenia o dočasnej pracovnej neschopnosti."
"71.EULS","35","soc","Lekárska správa v prípade dočasnej pracovnej neschopnosti pre uplatnenie nároku na dávku v inom členskom štáte EÚ)."
"71.OCR","35","soc","Vystavenie potvrdenia o potrebe ošetrovania alebo starostlivosti."
"71.PPM","35","soc","Vystavenie potvrdenia o očakávanom dni pôrodu."
"71.REGR","35","soc","Regresné hlásenie."
"71.TDOS","35","soc","Vvystavenie potvrdenia o trvaní poskytovania osobnej a celodennej starostlivosti."
"71.TDPN","35","soc","Vystavenie preukazu o trvaní dočasnej pracovnej neschopnosti."
"71.UDOS","35","soc","Vystavenie potvrdenia o skončení poskytovania, resp., potreby osobnej a celodennej starostlivosti."
"71.URAZ","35","soc","Správa alebo hlásenie o úraze."
"71.UTEH","35","soc","Vystavenie potvrdenia o skončení tehotenstva."
"71.VYR","35","soc","Vystavenie potvrdenia o potrebe preradenia na inú prácu."
"7160","100","SVaLZ",""
"7161","300","SVaLZ",""
"7162","100","SVaLZ",""
"7163","160","SVaLZ",""
"7164","500","SVaLZ",""
"7165","160","SVaLZ",""
"7166","160","SVaLZ",""
"7167","1600","SVaLZ",""
"7168","7500","SVaLZ",""
"7168a","8000","SVaLZ",""
"7169","300","SVaLZ",""
"7169a","500","SVaLZ",""
"7170","500","SVaLZ",""
"7170a","800","SVaLZ",""
"7171","500","SVaLZ",""
"7172","200","SVaLZ",""
"7172a","200","SVaLZ",""
"7172b","400","SVaLZ",""
"7172c","700","SVaLZ",""
"7172d","200","SVaLZ",""
"7173","700","SVaLZ",""
"7174","5000","SVaLZ",""
"7174a","12000","SVaLZ",""
"7175","1400","SVaLZ",""
"7176","550","SVaLZ",""
"7177","9000","SVaLZ",""
"7177a","9000","SVaLZ",""
"7178","8600","SVaLZ",""
"7179","2300","SVaLZ",""
"7180","7600","SVaLZ",""
"7181","1500","SVaLZ",""
"7182","1200","SVaLZ",""
"7183","800","SVaLZ",""
"7183a","300","SVaLZ",""
"7184","800","SVaLZ",""
"7185","2300","SVaLZ",""
"7186","500","SVaLZ",""
"7187","800","SVaLZ",""
"71a","90","",""
"71b","45","",""
"721","300","",""
"721B","300","",""
"721C","220","",""
"721D","220","",""
"722","940","",""
"722A","940","",""
"723","85","",""
"723A","280","",""
"723B","390","",""
"723C","220","",""
"723D","880","",""
"724","610","",""
"724A","770","",""
"724B","170","",""
"724C","770","",""
"725","1300","",""
"726","250","",""
"727","1500","",""
"728","330","",""
"728A","280","",""
"728B","360","",""
"728C","390","",""
"728d","2000","",""
"729","1000","",""
"73","150","",""
"730","150","",""
"731","120","",""
"732","500","",""
"735","500","",""
"736","600","",""
"737","600","",""
"738","4700","",""
"738A","350","","Dychový test na Helicobacter pylori"
"74","300","",""
"74.BODN","300","soc","Vystavenie lekárskeho nálezu, alebo výpis zo zdravotnej dokumentácie na účely vystavenia bodového ohodnotenia pracovného úrazu."
"74.BODS","300","soc","Vystavenie lekárskeho nálezu, alebo výpis zo zdravotnej dokumentácie na účely vystavenia bodového ohodnotenia sťaženia spoločenského uplatnenia."
"74.PZAK","300","soc","Vystavenie lekárskeho nálezu, alebo výpis zo zdravotnej dokumentácie na účely sociálneho poistenia podľa osobitného predpisu."
"74.VOPS","0","soc","Prerokovanie vývoja obnovy pracovnej schopnosti (SP neuhrádza)."
"740","946","",""
"741","1646","",""
"745","1346","",""
"745a","400","",""
"745b","846","",""
"746","1946","",""
"74a","380","",""
"755","746","",""
"756","1446","",""
"75C","80","","Popis RTG snímky"
"75a","250","",""
"75b","250","",""
"76","70","",""
"760","1946","",""
"760pn","1500","","Parciálna primárna skríningová kolonoskopia v prípade negatívneho nálezu"
"760pp","1500","","Parciálna primárna skríningová kolonoskopia v prípade pozitívneho nálezu"
"760sn","1500","","Parciálna skríningová kolonoskopia v prípade negatívneho nálezu"
"760sp","1500","","Parciálna skríningová kolonoskopia v prípade pozitívneho nálezu"
"761","2446","",""
"762","2946","",""
"763","3446","",""
"763a","3946","","Endoskopické vyšetrenie céka a (alebo) terminálneho ilea vrátane výkonu pod kódom 762, v prípade potreby aj s biopsiou a (alebo) punkciou a kontrolou polohy endoskopu pomocou zobrazovacej metódy."
"763m","2360","","Preventívna prehliadka konečníka a hrubého čreva kolonoskopom pre pacienta ZP 25 vo veku 18-49 rokov"
"763p","2360","","Preventívna prehliadka konečníka a hrubého čreva kolonoskopom pre pacienta ZP 25 vo veku 50 rokov a viac"
"763pn","3000","","Totálna primárna skríningová kolonoskopia v prípade negatívneho nálezu"
"763pp","3000","","Totálna primárna skríningová kolonoskopia v prípade pozitívneho nálezu"
"763sn","3000","","Totálna skríningová kolonoskopia v prípade negatívneho nálezu"
"763sp","3000","","Totálna skríningová kolonoskopia v prípade pozitívneho nálezu"
"765","946","",""
"765p","946","","Odstránenie jedného polypu pomocou vysokofrekvenčnej elektrickej slučky (elektrických klieští - hot biopsy)"
"770","1250","",""
"775","1000","",""
"775a","2000","",""
"776","2800","",""
"778c","1446","",""
"78","180","",""
"79","600","","Vystavenie lekárskej správy v niektorom zo svetových jazykov alebo preklad správy zo svetového jazyka."
"790","500","",""
"790a","500","",""
"791","320","",""
"794","11750","",""
"794f","4625","",""
"794g","4475","",""
"794h","62000","",""
"794i","62000","",""
"794j","62000","",""
"794k","33250","",""
"794l","9375","",""
"794m","4625","",""
"794n","3625","",""
"794p","4475","",""
"794r","12750","","Hemodiafiltrácia. Súčasťou výkonu je aj vyšetrenie pacienta a lekárska starostlivosť.                                                                                     vcene sú zahrnuté náklady na hemofiltračnú kapsľu"
"79B","600","",""
"79a","600","",""
"8","250","",""
"8+3635A","250","","Výkon 8 s pripočítateľnou položkou 3635A"
"8+4571a","250","","Pripočítateľná položka k výkonu 8 za materiál k CRP pre poisťovňu Dôvera"
"8+5702","250","","Výkon 8 s pripočítateľnou položkou 5702"
"8+CHRST","250","","Výkon 8 s pripočítateľnou položkou CHRSTAR"
"8+HYPVS","250","","Výkon 8 s pripočítateľnou položkou HYPVST"
"8+PPH1","250","","Pripočítateľná položka PPH1 k výkonu 8 pre poisťovňu Dôvera"
"8+PREDOP","250","","Pripočítateľná položka k výkonu 8 za predoperačné vyšetrenie pre poisťovňu Dôvera"
"8+SKOR01","250","","Výkon 8 s pripočítateľnou položkou SKOR01"
"8+SKOR02","250","","Výkon 8 s pripočítateľnou položkou SKOR02"
"8+SKOR03","250","","Výkon 8 s pripočítateľnou položkou SKOR03"
"8+SKOR04","250","","Výkon 8 s pripočítateľnou položkou SKOR04"
"80","2981","",""
"8001","0","SVaLZ",""
"8002","0","SVaLZ",""
"8003","0","SVaLZ",""
"8004","0","SVaLZ",""
"8005","0","SVaLZ",""
"8006","0","SVaLZ",""
"8007","0","SVaLZ",""
"8008","0","SVaLZ",""
"8009","0","SVaLZ",""
"8010","0","SVaLZ",""
"8011","0","SVaLZ",""
"8012","0","SVaLZ",""
"8013","0","SVaLZ",""
"8014","0","SVaLZ",""
"8015","0","SVaLZ",""
"8016","0","SVaLZ",""
"8017","0","SVaLZ",""
"8018","0","SVaLZ",""
"8019","0","SVaLZ",""
"802","750","",""
"8020A","0","SVaLZ",""
"8020B","0","SVaLZ",""
"8021A","0","SVaLZ",""
"8021B","0","SVaLZ",""
"8021C","0","SVaLZ",""
"8022A","0","SVaLZ",""
"8022B","0","SVaLZ",""
"8022C","0","SVaLZ",""
"8023A","0","SVaLZ",""
"8023B","0","SVaLZ",""
"8023C","0","SVaLZ",""
"8024A","0","SVaLZ",""
"8024C","0","SVaLZ",""
"8025A","0","SVaLZ",""
"8026A","0","SVaLZ",""
"8027A","0","SVaLZ",""
"8027B","0","SVaLZ",""
"8027C","0","SVaLZ",""
"8028A","0","SVaLZ",""
"8029A","0","SVaLZ",""
"8029C","0","SVaLZ",""
"803","900","",""
"8030A","0","SVaLZ",""
"8031A","0","SVaLZ",""
"8031B","0","SVaLZ",""
"8031C","0","SVaLZ",""
"8032A","0","SVaLZ",""
"8032B","0","SVaLZ",""
"8032C","0","SVaLZ",""
"8033A","0","SVaLZ",""
"8033B","0","SVaLZ",""
"8034A","0","SVaLZ",""
"8034B","0","SVaLZ",""
"8034C","0","SVaLZ",""
"8035A","0","SVaLZ",""
"8035B","0","SVaLZ",""
"8035C","0","SVaLZ",""
"8036A","0","SVaLZ",""
"8036B","0","SVaLZ",""
"8036C","0","SVaLZ",""
"8037A","0","SVaLZ",""
"8037B","0","SVaLZ",""
"8038A","0","SVaLZ",""
"8039","0","SVaLZ",""
"8039A","0","SVaLZ",""
"804","900","",""
"8040","0","SVaLZ",""
"8041A","0","SVaLZ",""
"805","750","",""
"806","2500","",""
"807","200","",""
"807a","400","",""
"809","500","",""
"81","5803","",""
"810","550","",""
"810a","1000","",""
"810b","1000","",""
"810c","500","",""
"810d","1800","",""
"811","200","",""
"812","140","",""
"813","60","",""
"814","250","",""
"815","250","",""
"818","90","",""
"818A","330","",""
"818b","400","",""
"818c","1000","",""
"819","650","",""
"819a","600","",""
"819b","1100","",""
"819c","400","",""
"819d","600","",""
"81a","1161","",""
"82","6216","",""
"820","800","",""
"821","750","",""
"822","300","",""
"825","400","",""
"826","700","",""
"827","400","",""
"82a","1243","",""
"83","5800","",""
"830","300","",""
"830a","200","",""
"836","300","",""
"837","150","",""
"839","200","",""
"839a","150","",""
"83a","1160","",""
"84","2969","",""
"840","700","",""
"841","1400","",""
"842","900","",""
"845","700","",""
"847","400","",""
"848","1000","",""
"85","5809","",""
"8501","0","","Operácie jednoduchých prietrží"
"8502","0","","Transrektálna polypektómia"
"8506","0","","Operácia subakromiálneho impigment syndrómu -len artroskoicky"
"8507","0","","Operácia poúrazovej paraartikulárnej burzitídy vo všetkých lokalizáciách"
"8509","0","","Oeračná dynamizácia vnútrodreňových klincov"
"8510","0","","Operačná repozícia jednoduchých zlomemín v celkovej anestéze"
"8511","0","","Operačné riešenie pollex saltans"
"8512","0","","Operačné riešenie fractura metacarpi"
"8513","0","","Operačné riešenie epicondylitis radialis"
"8514","0","","Operačné riešenie epicondylitis ulnaris"
"8516","0","","Operačné riešenie fractura capitis radii"
"8517","0","","Operačné riešenie synovitis cubiti"
"8521","0","","Operačné riešenie decompresio subacromialis"
"8525","0","","Operačné riešenie hallux valgus"
"8527","0","","Operačné riešenie digitus hammatus"
"8528","0","","Operačné riešenie digitus malleus"
"8529","0","","Operačné riešenie digitus supraductus"
"8530","0","","Operačné riešenie metetarsus I.varus"
"8532","0","","Operačné riešenie neuralgie Mortoni"
"8533","0","","Artroskopické výkony v lakťovom zhybe"
"8534","0","","Artroskopické výkony v ramennom zhybe"
"8535","0","","Artroskopické výkony v kolennom zhybe"
"8535a","0","","Artroskopické výkony v kolennom zhybe s použitím vstrebateľného fixačného materiálu"
"8536","0","","Artorskopické výkony v členkovom zhybe"
"8537","0","","Operačná extrakcia malého osteosyntetického materiálu a vonkajších fixátorov"
"855","300","",""
"856","90","",""
"857","110","",""
"858","450","",""
"85a","1162","",""
"86","5906","",""
"8610","0","","Gynekologické vyšetrenie v narkóze"
"8611","0","","Konizácia cervixu"
"8612","0","","Excísia vulvy"
"8613","0","","Operácia cýst glandulae vestibularis - Bartolinskej žlazy"
"8614","0","","Kordocentéza"
"8615","0","","Amnioinfúzia"
"8616","0","","Punkcia ovariálnych cýst"
"8617","0","","Hysterosonosalpingografia"
"8618","0","","Punkcia ovária"
"8619","0","","Resekcia vaginálneho septa"
"8620","0","","Hysteroskopia diagnostická a operačná"
"8621","0","","Transcervikálna resekcia uterinného septa"
"8622","0","","Diagnostická laparoskopia"
"8623","0","","Sterilizácia"
"8624","0","","Rozrušenie rastov"
"8625","0","","Salpingostómia"
"8626","0","","Salpingektómia"
"8627","0","","Ovariálna cystektómia"
"8628","0","","Oophorektómia"
"8629","0","","Ablácia endometrických ložísk"
"8630","0","","Colpoperineoplastica"
"8631","0","","Uretrálna suspenzia (so suburetrálnou páskou na liečbu stresovej inkontinencie)"
"867","1000","",""
"868","250","",""
"869","1000","",""
"86a","1181","",""
"87","6241","",""
"870","550","",""
"8700","0","","Operácia strabizmu šikmé svaly 1/2"
"8701","0","","Plastické operácie na mihalniciach"
"8706","0","","Operácie glaukómov-mimo laserových-2217/1359"
"87a","1248","",""
"88","5800","",""
"8800","0","","Endoskopická adenotómia"
"8801","0","","Tosilectomia"
"8802","0","","Tonsilotomia"
"8803","0","","Uvuloplastika"
"8804","0","","Plastika oroantrálnej komunikácie"
"8805","0","","Extrakcia kameňa submandib.žľazy"
"8806","0","","Extrakcia subling.slinnej žľazy"
"8807","0","","Extrakcia submandibul.slinnej žľazy"
"8808","0","","Extirpácia príušnej žľazy"
"8809","0","","Endoskopická chordektómia"
"8810","0","","Endoskopická laterofixácia"
"8811","0","","Arytenoidectomia"
"8812","0","","Mediopozícia hlasivky vonk.prístupom"
"8813","0","","Extirp.med.krčnej cysty"
"8814","0","","Extirp.later.krčnej cysty"
"8815","0","","Turbinoplastika"
"8816","0","","Dakryocystorinoskopia"
"8817","0","","Pansinus operácia"
"8819","0","","Operácia stenózy zvukovodu (nie je správny názov : exostózy vonkajšieho zvukovodu)"
"8820","0","","Myringoplastika"
"8821","0","","Tympanoplastika"
"8822","0","","Tympanoplastika bez protézky"
"8823","0","","Stapedoplastika"
"8824","0","","Sanačná operácia stredného ucha"
"8899","0","","Jeden ošetrovací deň v stacionári"
"88a","1160","",""
"89","5766","",""
"8900","0","","Orchiektómia pri atrofickom semenníku"
"8901","0","","Orchiektómia pre karcinóm prostaty"
"8902","0","","Resekcia kondylomat na penise"
"8903","0","","Orchiopexia retinovaného hmatného semennka (nie pri kryptorchizme)"
"8905","0","","Zavedenie uretrálnej endoprotézy"
"8906","0","","Perkutánna nefrostómia"
"8907","0","","Extrakorporálna litotrypsia"
"8908","0","","Uretrálna suspenzia (so suburetrálnou páskou na liečenie stresovej inkontinencie)"
"89a","1153","",""
"90","5975","",""
"900","90","",""
"9000","0","","Artroskopická operácia temporomandibulárnych kĺbov"
"9005","0","","Operačná extrakcia viacerých retinovaných zubov"
"9007","0","","Operačná replantácia zubov"
"901","65","",""
"9017","0","","Operačná elevácia zygomatickomaxillárneho komplexu v celkovej anestéze"
"904","130","",""
"905","80","",""
"906","180","",""
"90a","1195","",""
"91","2878","",""
"910","80","",""
"9100","0","","Endoskopické vyšetrenie v celkovej anestézii"
"9101","0","","Aplikácia stentov (výstuží) v tráviacom trakte pod endoskopickou alebo rtg kontrolou"
"915","85","",""
"916","200","",""
"917","100","",""
"918","150","",""
"919","250","",""
"91a","576","",""
"92","5800","",""
"92a","1160","",""
"93","2114","",""
"93a","423","",""
"94","2041","",""
"940","90","",""
"941","120","",""
"943","320","",""
"944","150","",""
"945","50","",""
"94a","408","",""
"95","5156","",""
"950","390","",""
"950U","390","",""
"951","250","",""
"951U","250","",""
"952","60","",""
"952U","60","",""
"953","110","",""
"953U","110","",""
"955","280","",""
"95a","1031","",""
"95b","5156","",""
"95c","1031","",""
"96","2944","",""
"960","450","",""
"961","220","",""
"965","450","",""
"97","1000","",""
"970","180","",""
"976","100","",""
"97a","1688","",""
"97b","2131","",""
"97c","5794","",""
"98a","1200","",""
"98b","2500","",""
"98c","4500","",""
"98d","6500","",""
"9952","0","","Liquid based cytology"
"A02","60","","Injekčná anestézia."
"C07","60","","Ošetrenie sťaženého prerezávania zuba múdrosti."
"C08","60","","Úprava prominujúcej alveoly."
"C10","160","","Excízia mäkkých tkanív."
"C41","120","","Intraorálna incízia dentogénneho abscesu"
"C51","600","","Primárna plastika oroantrálnej komunikácie."
"C61","500","","Repozícia  subluxovaného alebo  luxovaného zuba, nalomenej alveoly alebo alveolárneho výbežku."
"D01","300","","Komplexné stomatologické vyšetrenie."
"D02","150","","Preventívna stomatologická prehliadka."
"D02A","150","","Preventívna stomatologická prehliadka v tehotenstve."
"D03","100","","Cielené stomatologické vyšetrenie."
"D05","300","","Komplexné vstupné pedostomatologické vyšetrenie."
"D06","110","","Preventívna pedostomatologická prehliadka."
"D11","50","","Akútne vyšetrenie."
"D37","40","","Krátky administratívny úkon."
"D52","50","","RTG snímka intraorálna zubov a ústnych tkanív."
"D52+RTGIO","50","","Pripočítateľná položka RTGIO k výkonu D52"
"D54","200","","RTG snímka - ortopantomogram."
"D54+OPG","200","","Pripočítateľná položka OPG k výkonu D54"
"E01","60","","Extrakcia mliečneho zuba alebo koreňa."
"E11","100","","Extrakcia trvalého zuba alebo koreňa."
"E12","150","","Extrakcia viackoreňového zuba."
"E14","50","","Sutúra extrakčnej rany."
"E21","250","","Neplánovaná chirurgická extrakcia trvalého alebo dočasného zuba alebo jeho častí."
"E22","400","","Chirurgická extrakcia zuba."
"E31","80","","Dekapsulácia zuba."
"E34","350","","Naloženie aktívneho ťahu na retinovaný zub."
"E40","500","","Resekcia koreňového hrotu."
"E42","150","","Resekcia každého ďalšieho koreňového hrotu."
"E45","130","","Trepanácia alveoly."
"E51","120","","Zastavenie poextrakčného krvácania."
"E60","50","","Vyšetrenie pred zákrokom dentoalveolárnej chirurgie."
"E61","50","","Ošetrenie a kontrola po zákroku dentoalveolárnej chirurgie."
"E63","120","","Chirurgická revízia rany."
"E64","400","","Egalizácia alveolárneho výbežku."
"F01","300","","Komplexné stomatoprotetické vyšetrenie."
"F63","60","","Stiahnutie korunky."
"FotoR","","","Pripočítateľné položky k výkonom RTG"
"H0001","0","","Intenzifikovaná zdravotná starostlivosť u poistencov s hypertenziou, u novodiagnostikovaného"
"H0002","0","","Intenzifikovaná zdravotná starostlivosť pre rizikových pacientov s obezitou"
"H0002U","0","","Intenzifikovaná zdravotná starostlivosť pre rizikových pacientov s obezitou"
"H0003","0","","Iniciálne vyšterenie arteriálnej hypertenzie (VšZP)"
"H0003+EDU","0","","Výkon H0003 s pripočítateľnou položkou EDU"
"H0003U+EDU","0","","Výkon H0003U s pripočítateľnou položkou EDU"
"H0004","0","","Kontrolné vyšetrenie arteriálnej hypertenzie (VšZP)"
"H0004+EDU","0","","Výkon H0004 s pripočítateľnou položkou EDU"
"H0004.KO","0","","Kontrolné vyšetrenie Hypertenzie/Lipidémie, služi na monitoring vykonanie(nie je preplácané)"
"H0004U+EDU","0","","Výkon H0004U s pripočítateľnou položkou EDU"
"H0005","0","","Ošetrenie akútneho hypertenzného stavu"
"H0006","0","","Stratifikácia rizika cievnej mozgovej príhody (CMP) nad 40 rokov"
"H0007","0","","Kvantitatívne INR vyšetrenie v ambulancii VLD"
"H0008","0","","Stanovenie indexu ABI oscilometrickou metódou"
"N03","50","","Odstránenie zubného povlaku alebo zubného kameňa."
"N11","200","","Inštruktáž, nácvik ústnej hygieny a lokálna fluoridácia."
"O01","150","","Čeľustnoortopedická konzultácia."
"O02","300","","Vstupné čeľustnoortopedické vyšetrenie"
"O03","100","","stanovenie rastovej fázy."
"O04","500","","Analýza tele-RTG snímky hlavy."
"O05","500","","Analýza čeľustnoortopedických modelov."
"O05A","550","","Analýza čeľustnoortopedických modelov pri rázštepoch."
"O06","150","","Čeľustnoortopedická kontrola aktívnej liečby."
"O06A","150","","Čeľustnoortopedická kontrola počas retencie."
"O07","300","","Návrh liečebného plánu."
"O07A","300","","Návrh liečebného plánu u rázštepových pacientov."
"O08","1000","","Diagnostická prestavba ortopedických modelov."
"O09","120","","Konštrukčný zhryz."
"O21","130","","Separácia zubov."
"O22","150","","Adaptácia a nalepenie súčiastky fixného aparátu."
"O24","280","","Nasadenie snímateľného oblúka alebo lip. bumperu."
"O25","370","","Nasadenie extraorálneho ťahu."
"O27","400","","Príprava a naviazanie parciálneho oblúka."
"O28","600","","Príprava a naviazanie celého oblúka - pri fixnom aparáte na jednu čeľusť."
"O29","180","","Odstránenie naviazaného oblúka."
"O30","150","","Úprava snímateľného aparátu."
"O31","230","","Úprava fixného aparátu."
"O32","100","","Stiahnutie fixného aparátu a zariadenia za jeden zub."
"O37","30","","Zábrus zuba z čeľustnoortopedických dôvodov za jeden zub."
"OBEZ1","0","","OBEZ1: Vstupná kontrola pri zaradení dieťaťa do projektu"
"OBEZ2","0","","OBEZ2: II. kontrola (3.-6. týždeň po zaradení do projektu"
"OBEZ3","0","","OBEZ3: III. kontrola (6. mesiac po zaradení do projektu"
"OBEZ4","0","","OBEZ4: IV. kontrola (9. mesiac po zaradení do projektu"
"OBEZ5","0","","OBEZ5: V. kontrola (12. mesiac po zaradení do projektu"
"OBEZ6","0","","OBEZ6: VI. kontrola (24. mesiac po zaradení do projektu"
"P01","350","","Komplexné parodontologické vyšetrenie."
"P02","70","","Kontrolné parodontologické vyšetrenie."
"P02A","70","","Kontrolné parodontologické vyšetrenie."
"P05","50","","Odstránenie lokálneho dráždenia."
"P06","250","","Celkové vyartikulovanie chrupu."
"P07","50","","Lokálne ošetrenie gingívy a (alebo) sliznice."
"P08","400","","Plastika frenúl, slizničných a väzivových pruhov."
"P09","600","","Vestibuloplastika."
"P23","60","","Gingivektómia."
"P32","700","","Odklopenie frontálneho mukoperiostálneho laloka."
"P33","800","","Odklopenie laterálneho mukoperiostálneho laloka."
"P40","50","","Odber materiálu na laboratórne vyšetrenie."
"P65","300","","Príplatok k certifikovaným výkonom."
"P65A","300","","Príplatok k certifikovaným výkonom."
"PACSR","","","Pripočítateľné položky k výkonom RTG"
"T01","100","","Manuálna repozícia luxácie TMK."
"V01","100","","Jednoplôšková výplň zuba."
"V02","220","","Dvojplôšková výplň zuba."
"V03","270","","Trojplôšková výplň zuba."
"V05","100","","Fotokompozit - jedna plôška."
"V06","220","","Fotokompozit - dve plôšky."
"V07","270","","Fotokompozit - tri plôšky."
"V12","190","","Ošetrenie zubného kazu."
"V13","190","","Ošetrenie zubného kazu."
"V20","50","","Dočasné ošetrenie hlbokého zubného kazu."
"V31","80","","Paliatívne endodontické ošetrenie."
"V41","300","","Endodontické ošetrenie jednokoreňového trvalého zuba."
"V42","600","","Endodontické ošetrenie viackoreňového trvalého zuba."
"Y0018","0","","Klasická masáž 1 časti tela + elektroliečba + individuálna telesná výchova"
"Y0023","0","","Vstupné vyšetrenie pre poskytnutie /indikáciu/ SVLZ zdravotného výkonu Y0018"
"Y0041","0","","Iniciálne a kontrolné vyšetrenie u kapitovaného poistenca s artériovou hypertenziou"
"Y0042","0","","Iniciálne a kontrolné vyšetrenie u kapitovaného poistenca s dyslipidémiou"
"44S01026","2114","","Procedurálna analgosedácia"
"KPU","0","","Kapitačný výkon pre UA oddídencov"
